{"type": "FeatureCollection", "metadata": {"region": "Rhone-Alpes", "source": "OpenStreetMap via Geofabrik", "methode": "recollage des polygones contigus, erosion de W/2, toutes les cordes inscrites dont les milieux sont ecartes d'au moins ECART_MIN_M", "largeur_libre_m": 60, "ecart_min_m": 5000, "plusieurs_courses": "Un plan d'eau peut porter plusieurs courses : plan_eau les relie, rang 1 est la plus longue. aire_ha vaut pour l'etendue entiere et se repete sur chaque course ; pour totaliser une surface, ne sommer que les rang 1.", "avertissement": "profondeur, obstacles et degagement d'approche NON pris en compte : borne haute de candidats"}, "features": [{"type": "Feature", "geometry": {"type": "LineString", "coordinates": [[4.72946, 44.59317], [4.78015, 44.65277]]}, "properties": {"nom": "La Saône", "region": "Rhone-Alpes", "longueur_m": 7747, "aire_ha": 12139.4, "seuil_max_m": 3000, "largeur_libre_m": 60, "plan_eau": 0, "rang": 1, "nb_courses": 54}}, {"type": "Feature", "geometry": {"type": "LineString", "coordinates": [[4.7525, 44.76267], [4.78591, 44.80183]]}, "properties": {"nom": "La Saône", "region": "Rhone-Alpes", "longueur_m": 5090, "aire_ha": 12139.4, "seuil_max_m": 3000, "largeur_libre_m": 60, "plan_eau": 0, "rang": 2, "nb_courses": 54}}, {"type": "Feature", "geometry": {"type": "LineString", "coordinates": [[4.73559, 44.32836], [4.73113, 44.36702]]}, "properties": {"nom": "La Saône", "region": "Rhone-Alpes", "longueur_m": 4309, "aire_ha": 12139.4, "seuil_max_m": 3000, "largeur_libre_m": 60, "plan_eau": 0, "rang": 3, "nb_courses": 54}}, {"type": "Feature", "geometry": {"type": "LineString", "coordinates": [[4.84243, 45.49993], [4.87306, 45.52814]]}, "properties": {"nom": "La Saône", "region": "Rhone-Alpes", "longueur_m": 3941, "aire_ha": 12139.4, "seuil_max_m": 3000, "largeur_libre_m": 60, "plan_eau": 0, "rang": 4, "nb_courses": 54}}, {"type": "Feature", "geometry": {"type": "LineString", "coordinates": [[4.70047, 44.45396], [4.69902, 44.48746]]}, "properties": {"nom": "La Saône", "region": "Rhone-Alpes", "longueur_m": 3723, "aire_ha": 12139.4, "seuil_max_m": 3000, "largeur_libre_m": 60, "plan_eau": 0, "rang": 5, "nb_courses": 54}}, {"type": "Feature", "geometry": {"type": "LineString", "coordinates": [[5.48296, 45.75467], [5.45609, 45.78233]]}, "properties": {"nom": "La Saône", "region": "Rhone-Alpes", "longueur_m": 3714, "aire_ha": 12139.4, "seuil_max_m": 3000, "largeur_libre_m": 60, "plan_eau": 0, "rang": 6, "nb_courses": 54}}, {"type": "Feature", "geometry": {"type": "LineString", "coordinates": [[4.7898, 45.3166], [4.78367, 45.34856]]}, "properties": {"nom": "La Saône", "region": "Rhone-Alpes", "longueur_m": 3582, "aire_ha": 12139.4, "seuil_max_m": 3000, "largeur_libre_m": 60, "plan_eau": 0, "rang": 7, "nb_courses": 54}}, {"type": "Feature", "geometry": {"type": "LineString", "coordinates": [[4.9486, 45.77351], [4.98873, 45.78881]]}, "properties": {"nom": "La Saône", "region": "Rhone-Alpes", "longueur_m": 3551, "aire_ha": 12139.4, "seuil_max_m": 3000, "largeur_libre_m": 60, "plan_eau": 0, "rang": 8, "nb_courses": 54}}, {"type": "Feature", "geometry": {"type": "LineString", "coordinates": [[4.81187, 45.2016], [4.80117, 45.23266]]}, "properties": {"nom": "La Saône", "region": "Rhone-Alpes", "longueur_m": 3550, "aire_ha": 12139.4, "seuil_max_m": 3000, "largeur_libre_m": 60, "plan_eau": 0, "rang": 9, "nb_courses": 54}}, {"type": "Feature", "geometry": {"type": "LineString", "coordinates": [[4.81109, 45.26206], [4.80981, 45.29274]]}, "properties": {"nom": "La Saône", "region": "Rhone-Alpes", "longueur_m": 3409, "aire_ha": 12139.4, "seuil_max_m": 3000, "largeur_libre_m": 60, "plan_eau": 0, "rang": 10, "nb_courses": 54}}, {"type": "Feature", "geometry": {"type": "LineString", "coordinates": [[4.80949, 45.13277], [4.83139, 45.15824]]}, "properties": {"nom": "La Saône", "region": "Rhone-Alpes", "longueur_m": 3311, "aire_ha": 12139.4, "seuil_max_m": 3000, "largeur_libre_m": 60, "plan_eau": 0, "rang": 11, "nb_courses": 54}}, {"type": "Feature", "geometry": {"type": "LineString", "coordinates": [[4.83749, 44.85116], [4.86245, 44.87443]]}, "properties": {"nom": "La Saône", "region": "Rhone-Alpes", "longueur_m": 3250, "aire_ha": 12139.4, "seuil_max_m": 3000, "largeur_libre_m": 60, "plan_eau": 0, "rang": 12, "nb_courses": 54}}, {"type": "Feature", "geometry": {"type": "LineString", "coordinates": [[4.82582, 46.27299], [4.83329, 46.30139]]}, "properties": {"nom": "La Saône", "region": "Rhone-Alpes", "longueur_m": 3206, "aire_ha": 12139.4, "seuil_max_m": 3000, "largeur_libre_m": 60, "plan_eau": 0, "rang": 13, "nb_courses": 54}}, {"type": "Feature", "geometry": {"type": "LineString", "coordinates": [[4.72848, 44.52864], [4.71513, 44.55524]]}, "properties": {"nom": "La Saône", "region": "Rhone-Alpes", "longueur_m": 3140, "aire_ha": 12139.4, "seuil_max_m": 3000, "largeur_libre_m": 60, "plan_eau": 0, "rang": 14, "nb_courses": 54}}, {"type": "Feature", "geometry": {"type": "LineString", "coordinates": [[4.83746, 45.03362], [4.86156, 45.05602]]}, "properties": {"nom": "La Saône", "region": "Rhone-Alpes", "longueur_m": 3129, "aire_ha": 12139.4, "seuil_max_m": 3000, "largeur_libre_m": 60, "plan_eau": 0, "rang": 15, "nb_courses": 54}}, {"type": "Feature", "geometry": {"type": "LineString", "coordinates": [[4.8369, 45.5428], [4.81457, 45.56548]]}, "properties": {"nom": "La Saône", "region": "Rhone-Alpes", "longueur_m": 3062, "aire_ha": 12139.4, "seuil_max_m": 3000, "largeur_libre_m": 60, "plan_eau": 0, "rang": 16, "nb_courses": 54}}, {"type": "Feature", "geometry": {"type": "LineString", "coordinates": [[4.75982, 45.38915], [4.74101, 45.41332]]}, "properties": {"nom": "La Saône", "region": "Rhone-Alpes", "longueur_m": 3061, "aire_ha": 12139.4, "seuil_max_m": 3000, "largeur_libre_m": 60, "plan_eau": 0, "rang": 17, "nb_courses": 54}}, {"type": "Feature", "geometry": {"type": "LineString", "coordinates": [[4.94566, 44.74094], [4.90988, 44.74992]]}, "properties": {"nom": "La Saône", "region": "Rhone-Alpes", "longueur_m": 3002, "aire_ha": 12139.4, "seuil_max_m": 3000, "largeur_libre_m": 60, "plan_eau": 0, "rang": 18, "nb_courses": 54}}, {"type": "Feature", "geometry": {"type": "LineString", "coordinates": [[4.78034, 45.4721], [4.81343, 45.4833]]}, "properties": {"nom": "La Saône", "region": "Rhone-Alpes", "longueur_m": 2870, "aire_ha": 12139.4, "seuil_max_m": 2000, "largeur_libre_m": 60, "plan_eau": 0, "rang": 19, "nb_courses": 54}}, {"type": "Feature", "geometry": {"type": "LineString", "coordinates": [[4.7834, 44.65976], [4.78044, 44.6854]]}, "properties": {"nom": "La Saône", "region": "Rhone-Alpes", "longueur_m": 2857, "aire_ha": 12139.4, "seuil_max_m": 2000, "largeur_libre_m": 60, "plan_eau": 0, "rang": 20, "nb_courses": 54}}, {"type": "Feature", "geometry": {"type": "LineString", "coordinates": [[4.91537, 46.46313], [4.91434, 46.4884]]}, "properties": {"nom": "La Saône", "region": "Rhone-Alpes", "longueur_m": 2808, "aire_ha": 12139.4, "seuil_max_m": 2000, "largeur_libre_m": 60, "plan_eau": 0, "rang": 21, "nb_courses": 54}}, {"type": "Feature", "geometry": {"type": "LineString", "coordinates": [[4.88766, 46.40089], [4.89033, 46.42502]]}, "properties": {"nom": "La Saône", "region": "Rhone-Alpes", "longueur_m": 2687, "aire_ha": 12139.4, "seuil_max_m": 2000, "largeur_libre_m": 60, "plan_eau": 0, "rang": 22, "nb_courses": 54}}, {"type": "Feature", "geometry": {"type": "LineString", "coordinates": [[4.8696, 44.91605], [4.88705, 44.93638]]}, "properties": {"nom": "La Saône", "region": "Rhone-Alpes", "longueur_m": 2645, "aire_ha": 12139.4, "seuil_max_m": 2000, "largeur_libre_m": 60, "plan_eau": 0, "rang": 23, "nb_courses": 54}}, {"type": "Feature", "geometry": {"type": "LineString", "coordinates": [[4.82356, 45.73754], [4.83968, 45.75847]]}, "properties": {"nom": "La Saône", "region": "Rhone-Alpes", "longueur_m": 2641, "aire_ha": 12139.4, "seuil_max_m": 2000, "largeur_libre_m": 60, "plan_eau": 0, "rang": 24, "nb_courses": 54}}, {"type": "Feature", "geometry": {"type": "LineString", "coordinates": [[5.43798, 45.79517], [5.4176, 45.81393]]}, "properties": {"nom": "La Saône", "region": "Rhone-Alpes", "longueur_m": 2616, "aire_ha": 12139.4, "seuil_max_m": 2000, "largeur_libre_m": 60, "plan_eau": 0, "rang": 25, "nb_courses": 54}}, {"type": "Feature", "geometry": {"type": "LineString", "coordinates": [[4.79335, 46.20074], [4.79398, 46.21994]]}, "properties": {"nom": "La Saône", "region": "Rhone-Alpes", "longueur_m": 2133, "aire_ha": 12139.4, "seuil_max_m": 2000, "largeur_libre_m": 60, "plan_eau": 0, "rang": 26, "nb_courses": 54}}, {"type": "Feature", "geometry": {"type": "LineString", "coordinates": [[4.85287, 46.33833], [4.8508, 46.35596]]}, "properties": {"nom": "La Saône", "region": "Rhone-Alpes", "longueur_m": 1965, "aire_ha": 12139.4, "seuil_max_m": 1500, "largeur_libre_m": 60, "plan_eau": 0, "rang": 27, "nb_courses": 54}}, {"type": "Feature", "geometry": {"type": "LineString", "coordinates": [[5.25051, 45.78208], [5.27045, 45.79162]]}, "properties": {"nom": "La Saône", "region": "Rhone-Alpes", "longueur_m": 1877, "aire_ha": 12139.4, "seuil_max_m": 1500, "largeur_libre_m": 60, "plan_eau": 0, "rang": 28, "nb_courses": 54}}, {"type": "Feature", "geometry": {"type": "LineString", "coordinates": [[4.86277, 44.98445], [4.87358, 44.99867]]}, "properties": {"nom": "La Saône", "region": "Rhone-Alpes", "longueur_m": 1795, "aire_ha": 12139.4, "seuil_max_m": 1500, "largeur_libre_m": 60, "plan_eau": 0, "rang": 29, "nb_courses": 54}}, {"type": "Feature", "geometry": {"type": "LineString", "coordinates": [[4.73926, 46.0497], [4.7579, 46.0587]]}, "properties": {"nom": "La Saône", "region": "Rhone-Alpes", "longueur_m": 1754, "aire_ha": 12139.4, "seuil_max_m": 1500, "largeur_libre_m": 60, "plan_eau": 0, "rang": 30, "nb_courses": 54}}, {"type": "Feature", "geometry": {"type": "LineString", "coordinates": [[4.72757, 44.39185], [4.7235, 44.40721]]}, "properties": {"nom": "La Saône", "region": "Rhone-Alpes", "longueur_m": 1737, "aire_ha": 12139.4, "seuil_max_m": 1500, "largeur_libre_m": 60, "plan_eau": 0, "rang": 31, "nb_courses": 54}}, {"type": "Feature", "geometry": {"type": "LineString", "coordinates": [[4.93964, 46.52311], [4.92885, 46.53678]]}, "properties": {"nom": "La Saône", "region": "Rhone-Alpes", "longueur_m": 1729, "aire_ha": 12139.4, "seuil_max_m": 1500, "largeur_libre_m": 60, "plan_eau": 0, "rang": 32, "nb_courses": 54}}, {"type": "Feature", "geometry": {"type": "LineString", "coordinates": [[4.83913, 45.69341], [4.8385, 45.70864]]}, "properties": {"nom": "La Saône", "region": "Rhone-Alpes", "longueur_m": 1692, "aire_ha": 12139.4, "seuil_max_m": 1500, "largeur_libre_m": 60, "plan_eau": 0, "rang": 33, "nb_courses": 54}}, {"type": "Feature", "geometry": {"type": "LineString", "coordinates": [[4.82202, 44.81356], [4.82141, 44.82838]]}, "properties": {"nom": "La Saône", "region": "Rhone-Alpes", "longueur_m": 1647, "aire_ha": 12139.4, "seuil_max_m": 1500, "largeur_libre_m": 60, "plan_eau": 0, "rang": 34, "nb_courses": 54}}, {"type": "Feature", "geometry": {"type": "LineString", "coordinates": [[4.83263, 45.08793], [4.82888, 45.10201]]}, "properties": {"nom": "La Saône", "region": "Rhone-Alpes", "longueur_m": 1591, "aire_ha": 12139.4, "seuil_max_m": 1500, "largeur_libre_m": 60, "plan_eau": 0, "rang": 35, "nb_courses": 54}}, {"type": "Feature", "geometry": {"type": "LineString", "coordinates": [[5.26899, 44.70842], [5.26852, 44.72274]]}, "properties": {"nom": "La Saône", "region": "Rhone-Alpes", "longueur_m": 1590, "aire_ha": 12139.4, "seuil_max_m": 1500, "largeur_libre_m": 60, "plan_eau": 0, "rang": 36, "nb_courses": 54}}, {"type": "Feature", "geometry": {"type": "LineString", "coordinates": [[5.54672, 45.71362], [5.52638, 45.71483]]}, "properties": {"nom": "La Saône", "region": "Rhone-Alpes", "longueur_m": 1588, "aire_ha": 12139.4, "seuil_max_m": 1500, "largeur_libre_m": 60, "plan_eau": 0, "rang": 37, "nb_courses": 54}}, {"type": "Feature", "geometry": {"type": "LineString", "coordinates": [[4.74993, 45.98362], [4.75038, 45.99771]]}, "properties": {"nom": "La Saône", "region": "Rhone-Alpes", "longueur_m": 1566, "aire_ha": 12139.4, "seuil_max_m": 1500, "largeur_libre_m": 60, "plan_eau": 0, "rang": 38, "nb_courses": 54}}, {"type": "Feature", "geometry": {"type": "LineString", "coordinates": [[5.09219, 45.81237], [5.11151, 45.81414]]}, "properties": {"nom": "La Saône", "region": "Rhone-Alpes", "longueur_m": 1514, "aire_ha": 12139.4, "seuil_max_m": 1500, "largeur_libre_m": 60, "plan_eau": 0, "rang": 39, "nb_courses": 54}}, {"type": "Feature", "geometry": {"type": "LineString", "coordinates": [[4.83557, 45.84891], [4.84005, 45.86215]]}, "properties": {"nom": "La Saône", "region": "Rhone-Alpes", "longueur_m": 1510, "aire_ha": 12139.4, "seuil_max_m": 1500, "largeur_libre_m": 60, "plan_eau": 0, "rang": 40, "nb_courses": 54}}, {"type": "Feature", "geometry": {"type": "LineString", "coordinates": [[4.76806, 44.72329], [4.76947, 44.73664]]}, "properties": {"nom": "La Saône", "region": "Rhone-Alpes", "longueur_m": 1488, "aire_ha": 12139.4, "seuil_max_m": 1340, "largeur_libre_m": 60, "plan_eau": 0, "rang": 41, "nb_courses": 54}}, {"type": "Feature", "geometry": {"type": "LineString", "coordinates": [[4.80037, 46.14317], [4.80281, 46.1564]]}, "properties": {"nom": "La Saône", "region": "Rhone-Alpes", "longueur_m": 1481, "aire_ha": 12139.4, "seuil_max_m": 1340, "largeur_libre_m": 60, "plan_eau": 0, "rang": 42, "nb_courses": 54}}, {"type": "Feature", "geometry": {"type": "LineString", "coordinates": [[4.81849, 45.63682], [4.82827, 45.6481]]}, "properties": {"nom": "La Saône", "region": "Rhone-Alpes", "longueur_m": 1466, "aire_ha": 12139.4, "seuil_max_m": 1340, "largeur_libre_m": 60, "plan_eau": 0, "rang": 43, "nb_courses": 54}}, {"type": "Feature", "geometry": {"type": "LineString", "coordinates": [[4.81138, 45.90868], [4.8089, 45.9215]]}, "properties": {"nom": "La Saône", "region": "Rhone-Alpes", "longueur_m": 1437, "aire_ha": 12139.4, "seuil_max_m": 1340, "largeur_libre_m": 60, "plan_eau": 0, "rang": 44, "nb_courses": 54}}, {"type": "Feature", "geometry": {"type": "LineString", "coordinates": [[5.31374, 45.85832], [5.33003, 45.8637]]}, "properties": {"nom": "La Saône", "region": "Rhone-Alpes", "longueur_m": 1398, "aire_ha": 12139.4, "seuil_max_m": 1340, "largeur_libre_m": 60, "plan_eau": 0, "rang": 45, "nb_courses": 54}}, {"type": "Feature", "geometry": {"type": "LineString", "coordinates": [[5.57419, 45.67034], [5.55905, 45.67618]]}, "properties": {"nom": "La Saône", "region": "Rhone-Alpes", "longueur_m": 1345, "aire_ha": 12139.4, "seuil_max_m": 1340, "largeur_libre_m": 60, "plan_eau": 0, "rang": 46, "nb_courses": 54}}, {"type": "Feature", "geometry": {"type": "LineString", "coordinates": [[4.83705, 45.79787], [4.84314, 45.80686]]}, "properties": {"nom": "La Saône", "region": "Rhone-Alpes", "longueur_m": 1105, "aire_ha": 12139.4, "seuil_max_m": 1000, "largeur_libre_m": 60, "plan_eau": 0, "rang": 47, "nb_courses": 54}}, {"type": "Feature", "geometry": {"type": "LineString", "coordinates": [[4.77657, 45.58989], [4.78817, 45.59436]]}, "properties": {"nom": "La Saône", "region": "Rhone-Alpes", "longueur_m": 1031, "aire_ha": 12139.4, "seuil_max_m": 1000, "largeur_libre_m": 60, "plan_eau": 0, "rang": 48, "nb_courses": 54}}, {"type": "Feature", "geometry": {"type": "LineString", "coordinates": [[5.16126, 45.79561], [5.1732, 45.79538]]}, "properties": {"nom": "La Saône", "region": "Rhone-Alpes", "longueur_m": 928, "aire_ha": 12139.4, "seuil_max_m": 700, "largeur_libre_m": 60, "plan_eau": 0, "rang": 49, "nb_courses": 54}}, {"type": "Feature", "geometry": {"type": "LineString", "coordinates": [[4.72919, 45.9426], [4.72884, 45.95054]]}, "properties": {"nom": "La Saône", "region": "Rhone-Alpes", "longueur_m": 882, "aire_ha": 12139.4, "seuil_max_m": 700, "largeur_libre_m": 60, "plan_eau": 0, "rang": 50, "nb_courses": 54}}, {"type": "Feature", "geometry": {"type": "LineString", "coordinates": [[5.62186, 45.61382], [5.61906, 45.62063]]}, "properties": {"nom": "La Saône", "region": "Rhone-Alpes", "longueur_m": 787, "aire_ha": 12139.4, "seuil_max_m": 700, "largeur_libre_m": 60, "plan_eau": 0, "rang": 51, "nb_courses": 54}}, {"type": "Feature", "geometry": {"type": "LineString", "coordinates": [[4.76802, 46.10696], [4.77214, 46.11301]]}, "properties": {"nom": "La Saône", "region": "Rhone-Alpes", "longueur_m": 744, "aire_ha": 12139.4, "seuil_max_m": 700, "largeur_libre_m": 60, "plan_eau": 0, "rang": 52, "nb_courses": 54}}, {"type": "Feature", "geometry": {"type": "LineString", "coordinates": [[4.86604, 44.76015], [4.85728, 44.76163]]}, "properties": {"nom": "La Saône", "region": "Rhone-Alpes", "longueur_m": 713, "aire_ha": 12139.4, "seuil_max_m": 700, "largeur_libre_m": 60, "plan_eau": 0, "rang": 53, "nb_courses": 54}}, {"type": "Feature", "geometry": {"type": "LineString", "coordinates": [[5.4034, 45.85797], [5.39591, 45.86159]]}, "properties": {"nom": "La Saône", "region": "Rhone-Alpes", "longueur_m": 707, "aire_ha": 12139.4, "seuil_max_m": 700, "largeur_libre_m": 60, "plan_eau": 0, "rang": 54, "nb_courses": 54}}, {"type": "Feature", "geometry": {"type": "LineString", "coordinates": [[5.51575, 45.43535], [5.55606, 45.47187]]}, "properties": {"nom": "Lac de Paladru", "region": "Rhone-Alpes", "longueur_m": 5136, "aire_ha": 378.1, "seuil_max_m": 3000, "largeur_libre_m": 60, "plan_eau": 7, "rang": 1, "nb_courses": 1}}, {"type": "Feature", "geometry": {"type": "LineString", "coordinates": [[5.67836, 44.97337], [5.69431, 45.00457]]}, "properties": {"nom": "Lac de Notre-Dame-de-Commiers", "region": "Rhone-Alpes", "longueur_m": 3686, "aire_ha": 166.0, "seuil_max_m": 3000, "largeur_libre_m": 60, "plan_eau": 17, "rang": 1, "nb_courses": 1}}, {"type": "Feature", "geometry": {"type": "LineString", "coordinates": [[6.04516, 45.12865], [6.04865, 45.14574]]}, "properties": {"nom": "Lac du Verney", "region": "Rhone-Alpes", "longueur_m": 1918, "aire_ha": 69.6, "seuil_max_m": 1500, "largeur_libre_m": 60, "plan_eau": 18, "rang": 1, "nb_courses": 1}}, {"type": "Feature", "geometry": {"type": "LineString", "coordinates": [[6.16905, 45.04067], [6.13681, 45.044]]}, "properties": {"nom": "Lac du Chambon", "region": "Rhone-Alpes", "longueur_m": 2565, "aire_ha": 108.9, "seuil_max_m": 2000, "largeur_libre_m": 60, "plan_eau": 19, "rang": 1, "nb_courses": 1}}, {"type": "Feature", "geometry": {"type": "LineString", "coordinates": [[4.97398, 45.8997], [4.96415, 45.9044]]}, "properties": {"nom": "Étang Beaubertas", "region": "Rhone-Alpes", "longueur_m": 924, "aire_ha": 22.4, "seuil_max_m": 700, "largeur_libre_m": 60, "plan_eau": 23, "rang": 1, "nb_courses": 1}}, {"type": "Feature", "geometry": {"type": "LineString", "coordinates": [[4.98134, 45.92749], [4.99044, 45.93139]]}, "properties": {"nom": "Étang des Vavres", "region": "Rhone-Alpes", "longueur_m": 828, "aire_ha": 29.3, "seuil_max_m": 700, "largeur_libre_m": 60, "plan_eau": 26, "rang": 1, "nb_courses": 1}}, {"type": "Feature", "geometry": {"type": "LineString", "coordinates": [[4.98272, 45.93843], [4.99341, 45.94023]]}, "properties": {"nom": "Étang Conche", "region": "Rhone-Alpes", "longueur_m": 852, "aire_ha": 19.2, "seuil_max_m": 700, "largeur_libre_m": 60, "plan_eau": 28, "rang": 1, "nb_courses": 1}}, {"type": "Feature", "geometry": {"type": "LineString", "coordinates": [[5.00576, 45.94024], [5.01575, 45.94192]]}, "properties": {"nom": "Étang Pinozan", "region": "Rhone-Alpes", "longueur_m": 796, "aire_ha": 24.9, "seuil_max_m": 700, "largeur_libre_m": 60, "plan_eau": 31, "rang": 1, "nb_courses": 1}}, {"type": "Feature", "geometry": {"type": "LineString", "coordinates": [[5.07824, 45.94494], [5.06876, 45.9481]]}, "properties": {"nom": "Étang Léchère", "region": "Rhone-Alpes", "longueur_m": 814, "aire_ha": 26.6, "seuil_max_m": 700, "largeur_libre_m": 60, "plan_eau": 40, "rang": 1, "nb_courses": 1}}, {"type": "Feature", "geometry": {"type": "LineString", "coordinates": [[5.00034, 45.90382], [4.98697, 45.90455]]}, "properties": {"nom": "Étang Thomas", "region": "Rhone-Alpes", "longueur_m": 1039, "aire_ha": 22.6, "seuil_max_m": 1000, "largeur_libre_m": 60, "plan_eau": 41, "rang": 1, "nb_courses": 1}}, {"type": "Feature", "geometry": {"type": "LineString", "coordinates": [[5.03876, 45.95065], [5.02182, 45.95284]]}, "properties": {"nom": "Grand Étang de Birieux", "region": "Rhone-Alpes", "longueur_m": 1335, "aire_ha": 72.8, "seuil_max_m": 1000, "largeur_libre_m": 60, "plan_eau": 46, "rang": 1, "nb_courses": 1}}, {"type": "Feature", "geometry": {"type": "LineString", "coordinates": [[5.02185, 45.93394], [5.00715, 45.93528]]}, "properties": {"nom": "Étang Chambre", "region": "Rhone-Alpes", "longueur_m": 1149, "aire_ha": 27.9, "seuil_max_m": 1000, "largeur_libre_m": 60, "plan_eau": 56, "rang": 1, "nb_courses": 1}}, {"type": "Feature", "geometry": {"type": "LineString", "coordinates": [[5.10105, 46.06511], [5.09016, 46.06571]]}, "properties": {"nom": "Étang des Vavres", "region": "Rhone-Alpes", "longueur_m": 845, "aire_ha": 34.3, "seuil_max_m": 700, "largeur_libre_m": 60, "plan_eau": 58, "rang": 1, "nb_courses": 1}}, {"type": "Feature", "geometry": {"type": "LineString", "coordinates": [[5.06868, 45.98016], [5.05828, 45.9846]]}, "properties": {"nom": "Étang Conche", "region": "Rhone-Alpes", "longueur_m": 944, "aire_ha": 34.6, "seuil_max_m": 700, "largeur_libre_m": 60, "plan_eau": 86, "rang": 1, "nb_courses": 1}}, {"type": "Feature", "geometry": {"type": "LineString", "coordinates": [[5.0741, 45.97538], [5.06511, 45.97837]]}, "properties": {"nom": "Étang Orcet", "region": "Rhone-Alpes", "longueur_m": 771, "aire_ha": 23.4, "seuil_max_m": 700, "largeur_libre_m": 60, "plan_eau": 87, "rang": 1, "nb_courses": 1}}, {"type": "Feature", "geometry": {"type": "LineString", "coordinates": [[5.08122, 45.94962], [5.07036, 45.95187]]}, "properties": {"nom": "Étang l'Étroit", "region": "Rhone-Alpes", "longueur_m": 877, "aire_ha": 19.6, "seuil_max_m": 700, "largeur_libre_m": 60, "plan_eau": 93, "rang": 1, "nb_courses": 1}}, {"type": "Feature", "geometry": {"type": "LineString", "coordinates": [[5.07977, 45.93955], [5.09466, 45.93927]]}, "properties": {"nom": "Le Grand Étang", "region": "Rhone-Alpes", "longueur_m": 1154, "aire_ha": 31.5, "seuil_max_m": 1000, "largeur_libre_m": 60, "plan_eau": 95, "rang": 1, "nb_courses": 1}}, {"type": "Feature", "geometry": {"type": "LineString", "coordinates": [[5.09381, 45.99802], [5.08609, 46.00132]]}, "properties": {"nom": "Étang Gottiau", "region": "Rhone-Alpes", "longueur_m": 700, "aire_ha": 12.7, "seuil_max_m": 700, "largeur_libre_m": 60, "plan_eau": 109, "rang": 1, "nb_courses": 1}}, {"type": "Feature", "geometry": {"type": "LineString", "coordinates": [[5.10346, 45.99072], [5.09596, 45.99569]]}, "properties": {"nom": "Étang des Oures", "region": "Rhone-Alpes", "longueur_m": 801, "aire_ha": 16.6, "seuil_max_m": 700, "largeur_libre_m": 60, "plan_eau": 110, "rang": 1, "nb_courses": 1}}, {"type": "Feature", "geometry": {"type": "LineString", "coordinates": [[4.96252, 45.98374], [4.95169, 45.98891]]}, "properties": {"nom": "Étang Lescolée", "region": "Rhone-Alpes", "longueur_m": 1016, "aire_ha": 14.1, "seuil_max_m": 1000, "largeur_libre_m": 60, "plan_eau": 137, "rang": 1, "nb_courses": 1}}, {"type": "Feature", "geometry": {"type": "LineString", "coordinates": [[4.94126, 45.99379], [4.93296, 45.99775]]}, "properties": {"nom": "Étang de Chassagne", "region": "Rhone-Alpes", "longueur_m": 779, "aire_ha": 29.8, "seuil_max_m": 700, "largeur_libre_m": 60, "plan_eau": 142, "rang": 1, "nb_courses": 1}}, {"type": "Feature", "geometry": {"type": "LineString", "coordinates": [[4.94188, 46.00593], [4.9337, 46.00983]]}, "properties": {"nom": "Étang Chardonnet", "region": "Rhone-Alpes", "longueur_m": 767, "aire_ha": 18.9, "seuil_max_m": 700, "largeur_libre_m": 60, "plan_eau": 146, "rang": 1, "nb_courses": 1}}, {"type": "Feature", "geometry": {"type": "LineString", "coordinates": [[4.96911, 45.99471], [4.95589, 45.99909]]}, "properties": {"nom": "Étang Rollet", "region": "Rhone-Alpes", "longueur_m": 1133, "aire_ha": 25.5, "seuil_max_m": 1000, "largeur_libre_m": 60, "plan_eau": 150, "rang": 1, "nb_courses": 1}}, {"type": "Feature", "geometry": {"type": "LineString", "coordinates": [[4.98238, 45.99557], [4.9775, 46.00268]]}, "properties": {"nom": "Étang Richagneu", "region": "Rhone-Alpes", "longueur_m": 875, "aire_ha": 35.3, "seuil_max_m": 700, "largeur_libre_m": 60, "plan_eau": 169, "rang": 1, "nb_courses": 1}}, {"type": "Feature", "geometry": {"type": "LineString", "coordinates": [[4.99341, 45.99426], [4.98284, 45.99483]]}, "properties": {"nom": "Étang Verdat", "region": "Rhone-Alpes", "longueur_m": 821, "aire_ha": 33.1, "seuil_max_m": 700, "largeur_libre_m": 60, "plan_eau": 171, "rang": 1, "nb_courses": 1}}, {"type": "Feature", "geometry": {"type": "LineString", "coordinates": [[4.9977, 46.00739], [4.98889, 46.01115]]}, "properties": {"nom": "Étang Grand Balancet", "region": "Rhone-Alpes", "longueur_m": 799, "aire_ha": 40.3, "seuil_max_m": 700, "largeur_libre_m": 60, "plan_eau": 176, "rang": 1, "nb_courses": 1}}, {"type": "Feature", "geometry": {"type": "LineString", "coordinates": [[4.97847, 46.01453], [4.98932, 46.02441]]}, "properties": {"nom": "Étang Forêt", "region": "Rhone-Alpes", "longueur_m": 1381, "aire_ha": 74.3, "seuil_max_m": 1340, "largeur_libre_m": 60, "plan_eau": 179, "rang": 1, "nb_courses": 1}}, {"type": "Feature", "geometry": {"type": "LineString", "coordinates": [[5.01267, 46.02025], [5.00254, 46.02361]]}, "properties": {"nom": "Étang Mont Rosard", "region": "Rhone-Alpes", "longueur_m": 868, "aire_ha": 21.4, "seuil_max_m": 700, "largeur_libre_m": 60, "plan_eau": 182, "rang": 1, "nb_courses": 1}}, {"type": "Feature", "geometry": {"type": "LineString", "coordinates": [[4.97667, 46.01964], [4.97498, 46.0285]]}, "properties": {"nom": "Étang Neuf", "region": "Rhone-Alpes", "longueur_m": 992, "aire_ha": 36.3, "seuil_max_m": 700, "largeur_libre_m": 60, "plan_eau": 189, "rang": 1, "nb_courses": 1}}, {"type": "Feature", "geometry": {"type": "LineString", "coordinates": [[4.98914, 46.0284], [4.98126, 46.03359]]}, "properties": {"nom": "Étang Flamareins", "region": "Rhone-Alpes", "longueur_m": 839, "aire_ha": 23.6, "seuil_max_m": 700, "largeur_libre_m": 60, "plan_eau": 196, "rang": 1, "nb_courses": 1}}, {"type": "Feature", "geometry": {"type": "LineString", "coordinates": [[5.03395, 46.02301], [5.03319, 46.02971]]}, "properties": {"nom": "Grande Berrotière", "region": "Rhone-Alpes", "longueur_m": 747, "aire_ha": 22.1, "seuil_max_m": 700, "largeur_libre_m": 60, "plan_eau": 197, "rang": 1, "nb_courses": 1}}, {"type": "Feature", "geometry": {"type": "LineString", "coordinates": [[5.03136, 46.02983], [5.02616, 46.03574]]}, "properties": {"nom": "Étang du Bois", "region": "Rhone-Alpes", "longueur_m": 769, "aire_ha": 18.4, "seuil_max_m": 700, "largeur_libre_m": 60, "plan_eau": 200, "rang": 1, "nb_courses": 1}}, {"type": "Feature", "geometry": {"type": "LineString", "coordinates": [[5.03354, 46.0331], [5.02313, 46.03997]]}, "properties": {"nom": "Étang Genève", "region": "Rhone-Alpes", "longueur_m": 1109, "aire_ha": 29.9, "seuil_max_m": 1000, "largeur_libre_m": 60, "plan_eau": 201, "rang": 1, "nb_courses": 1}}, {"type": "Feature", "geometry": {"type": "LineString", "coordinates": [[5.65663, 46.15894], [5.67198, 46.16326]]}, "properties": {"nom": "Lac de Sylans", "region": "Rhone-Alpes", "longueur_m": 1278, "aire_ha": 32.3, "seuil_max_m": 1000, "largeur_libre_m": 60, "plan_eau": 220, "rang": 1, "nb_courses": 1}}, {"type": "Feature", "geometry": {"type": "LineString", "coordinates": [[5.46698, 46.21039], [5.48103, 46.22814]]}, "properties": {"nom": "L'Ain", "region": "Rhone-Alpes", "longueur_m": 2249, "aire_ha": 234.0, "seuil_max_m": 2000, "largeur_libre_m": 60, "plan_eau": 222, "rang": 1, "nb_courses": 2}}, {"type": "Feature", "geometry": {"type": "LineString", "coordinates": [[5.54195, 46.26948], [5.55196, 46.27945]]}, "properties": {"nom": "L'Ain", "region": "Rhone-Alpes", "longueur_m": 1349, "aire_ha": 234.0, "seuil_max_m": 1340, "largeur_libre_m": 60, "plan_eau": 222, "rang": 2, "nb_courses": 2}}, {"type": "Feature", "geometry": {"type": "LineString", "coordinates": [[5.03163, 45.98697], [5.02105, 45.98834]]}, "properties": {"nom": "Petit Étang Turlet", "region": "Rhone-Alpes", "longueur_m": 833, "aire_ha": 24.9, "seuil_max_m": 700, "largeur_libre_m": 60, "plan_eau": 231, "rang": 1, "nb_courses": 1}}, {"type": "Feature", "geometry": {"type": "LineString", "coordinates": [[5.01474, 45.99217], [5.02077, 45.9971]]}, "properties": {"nom": "Étang du Grand-Turlet", "region": "Rhone-Alpes", "longueur_m": 719, "aire_ha": 31.1, "seuil_max_m": 700, "largeur_libre_m": 60, "plan_eau": 234, "rang": 1, "nb_courses": 1}}, {"type": "Feature", "geometry": {"type": "LineString", "coordinates": [[5.11327, 45.92101], [5.1051, 45.92702]]}, "properties": {"nom": "Étang Les Grandes Haies", "region": "Rhone-Alpes", "longueur_m": 920, "aire_ha": 19.1, "seuil_max_m": 700, "largeur_libre_m": 60, "plan_eau": 246, "rang": 1, "nb_courses": 1}}, {"type": "Feature", "geometry": {"type": "LineString", "coordinates": [[5.12087, 45.93184], [5.11462, 45.93896]]}, "properties": {"nom": "Grand Étang du Vernay", "region": "Rhone-Alpes", "longueur_m": 927, "aire_ha": 24.1, "seuil_max_m": 700, "largeur_libre_m": 60, "plan_eau": 251, "rang": 1, "nb_courses": 1}}, {"type": "Feature", "geometry": {"type": "LineString", "coordinates": [[5.13601, 45.95398], [5.12804, 45.9605]]}, "properties": {"nom": "Étang de Lansardière", "region": "Rhone-Alpes", "longueur_m": 952, "aire_ha": 20.2, "seuil_max_m": 700, "largeur_libre_m": 60, "plan_eau": 253, "rang": 1, "nb_courses": 1}}, {"type": "Feature", "geometry": {"type": "LineString", "coordinates": [[5.10422, 45.94812], [5.11042, 45.95717]]}, "properties": {"nom": "Étang des Grandes Vernayes", "region": "Rhone-Alpes", "longueur_m": 1114, "aire_ha": 36.6, "seuil_max_m": 1000, "largeur_libre_m": 60, "plan_eau": 257, "rang": 1, "nb_courses": 1}}, {"type": "Feature", "geometry": {"type": "LineString", "coordinates": [[5.1103, 45.97089], [5.09626, 45.97556]]}, "properties": {"nom": "Étang Chapelier", "region": "Rhone-Alpes", "longueur_m": 1205, "aire_ha": 46.8, "seuil_max_m": 1000, "largeur_libre_m": 60, "plan_eau": 264, "rang": 1, "nb_courses": 1}}, {"type": "Feature", "geometry": {"type": "LineString", "coordinates": [[5.15021, 45.96327], [5.14057, 45.9674]]}, "properties": {"nom": "Étang Villeneuve", "region": "Rhone-Alpes", "longueur_m": 876, "aire_ha": 21.2, "seuil_max_m": 700, "largeur_libre_m": 60, "plan_eau": 276, "rang": 1, "nb_courses": 1}}, {"type": "Feature", "geometry": {"type": "LineString", "coordinates": [[5.12451, 45.97746], [5.13343, 45.98003]]}, "properties": {"nom": "Étang Girardier", "region": "Rhone-Alpes", "longueur_m": 747, "aire_ha": 23.9, "seuil_max_m": 700, "largeur_libre_m": 60, "plan_eau": 279, "rang": 1, "nb_courses": 1}}, {"type": "Feature", "geometry": {"type": "LineString", "coordinates": [[5.15218, 46.02697], [5.15338, 46.03324]]}, "properties": {"nom": "Étang Covayzieux", "region": "Rhone-Alpes", "longueur_m": 702, "aire_ha": 15.3, "seuil_max_m": 700, "largeur_libre_m": 60, "plan_eau": 288, "rang": 1, "nb_courses": 1}}, {"type": "Feature", "geometry": {"type": "LineString", "coordinates": [[5.14781, 46.02736], [5.14706, 46.03414]]}, "properties": {"nom": "Étang Lignière", "region": "Rhone-Alpes", "longueur_m": 755, "aire_ha": 22.4, "seuil_max_m": 700, "largeur_libre_m": 60, "plan_eau": 289, "rang": 1, "nb_courses": 1}}, {"type": "Feature", "geometry": {"type": "LineString", "coordinates": [[5.13964, 46.02854], [5.14095, 46.03544]]}, "properties": {"nom": "Étang Rimondet", "region": "Rhone-Alpes", "longueur_m": 773, "aire_ha": 16.5, "seuil_max_m": 700, "largeur_libre_m": 60, "plan_eau": 290, "rang": 1, "nb_courses": 1}}, {"type": "Feature", "geometry": {"type": "LineString", "coordinates": [[5.1354, 46.00566], [5.13325, 46.01193]]}, "properties": {"nom": "Étang Sale", "region": "Rhone-Alpes", "longueur_m": 716, "aire_ha": 14.2, "seuil_max_m": 700, "largeur_libre_m": 60, "plan_eau": 316, "rang": 1, "nb_courses": 1}}, {"type": "Feature", "geometry": {"type": "LineString", "coordinates": [[5.1118, 46.02037], [5.11, 46.02714]]}, "properties": {"nom": "Étang la Glane", "region": "Rhone-Alpes", "longueur_m": 765, "aire_ha": 19.0, "seuil_max_m": 700, "largeur_libre_m": 60, "plan_eau": 322, "rang": 1, "nb_courses": 1}}, {"type": "Feature", "geometry": {"type": "LineString", "coordinates": [[5.20765, 45.99043], [5.2012, 45.9978]]}, "properties": {"nom": "Étang de Chassagne", "region": "Rhone-Alpes", "longueur_m": 959, "aire_ha": 52.5, "seuil_max_m": 700, "largeur_libre_m": 60, "plan_eau": 325, "rang": 1, "nb_courses": 1}}, {"type": "Feature", "geometry": {"type": "LineString", "coordinates": [[5.6774, 45.21286], [5.65648, 45.2374]]}, "properties": {"nom": "L'Isère", "region": "Rhone-Alpes", "longueur_m": 3181, "aire_ha": 1863.1, "seuil_max_m": 3000, "largeur_libre_m": 60, "plan_eau": 340, "rang": 1, "nb_courses": 16}}, {"type": "Feature", "geometry": {"type": "LineString", "coordinates": [[6.2334, 45.57218], [6.26756, 45.5817]]}, "properties": {"nom": "L'Isère", "region": "Rhone-Alpes", "longueur_m": 2866, "aire_ha": 1863.1, "seuil_max_m": 2000, "largeur_libre_m": 60, "plan_eau": 340, "rang": 2, "nb_courses": 16}}, {"type": "Feature", "geometry": {"type": "LineString", "coordinates": [[6.11209, 45.5257], [6.13181, 45.53723]]}, "properties": {"nom": "L'Isère", "region": "Rhone-Alpes", "longueur_m": 2002, "aire_ha": 1863.1, "seuil_max_m": 2000, "largeur_libre_m": 60, "plan_eau": 340, "rang": 3, "nb_courses": 16}}, {"type": "Feature", "geometry": {"type": "LineString", "coordinates": [[6.00076, 45.40848], [6.0004, 45.42592]]}, "properties": {"nom": "L'Isère", "region": "Rhone-Alpes", "longueur_m": 1936, "aire_ha": 1863.1, "seuil_max_m": 1500, "largeur_libre_m": 60, "plan_eau": 340, "rang": 4, "nb_courses": 16}}, {"type": "Feature", "geometry": {"type": "LineString", "coordinates": [[5.31575, 45.1195], [5.33426, 45.12656]]}, "properties": {"nom": "L'Isère", "region": "Rhone-Alpes", "longueur_m": 1653, "aire_ha": 1863.1, "seuil_max_m": 1500, "largeur_libre_m": 60, "plan_eau": 340, "rang": 5, "nb_courses": 16}}, {"type": "Feature", "geometry": {"type": "LineString", "coordinates": [[6.05794, 45.49747], [6.07623, 45.50424]]}, "properties": {"nom": "L'Isère", "region": "Rhone-Alpes", "longueur_m": 1615, "aire_ha": 1863.1, "seuil_max_m": 1500, "largeur_libre_m": 60, "plan_eau": 340, "rang": 6, "nb_courses": 16}}, {"type": "Feature", "geometry": {"type": "LineString", "coordinates": [[5.94334, 45.31486], [5.95606, 45.32318]]}, "properties": {"nom": "L'Isère", "region": "Rhone-Alpes", "longueur_m": 1359, "aire_ha": 1863.1, "seuil_max_m": 1340, "largeur_libre_m": 60, "plan_eau": 340, "rang": 7, "nb_courses": 16}}, {"type": "Feature", "geometry": {"type": "LineString", "coordinates": [[5.26222, 45.06832], [5.26997, 45.07723]]}, "properties": {"nom": "L'Isère", "region": "Rhone-Alpes", "longueur_m": 1163, "aire_ha": 1863.1, "seuil_max_m": 1000, "largeur_libre_m": 60, "plan_eau": 340, "rang": 8, "nb_courses": 16}}, {"type": "Feature", "geometry": {"type": "LineString", "coordinates": [[5.50562, 45.24854], [5.51296, 45.25689]]}, "properties": {"nom": "L'Isère", "region": "Rhone-Alpes", "longueur_m": 1091, "aire_ha": 1863.1, "seuil_max_m": 1000, "largeur_libre_m": 60, "plan_eau": 340, "rang": 9, "nb_courses": 16}}, {"type": "Feature", "geometry": {"type": "LineString", "coordinates": [[5.58059, 45.2959], [5.5912, 45.30221]]}, "properties": {"nom": "L'Isère", "region": "Rhone-Alpes", "longueur_m": 1088, "aire_ha": 1863.1, "seuil_max_m": 1000, "largeur_libre_m": 60, "plan_eau": 340, "rang": 10, "nb_courses": 16}}, {"type": "Feature", "geometry": {"type": "LineString", "coordinates": [[6.17925, 45.55678], [6.19191, 45.55979]]}, "properties": {"nom": "L'Isère", "region": "Rhone-Alpes", "longueur_m": 1043, "aire_ha": 1863.1, "seuil_max_m": 1000, "largeur_libre_m": 60, "plan_eau": 340, "rang": 11, "nb_courses": 16}}, {"type": "Feature", "geometry": {"type": "LineString", "coordinates": [[6.33991, 45.64787], [6.35169, 45.65114]]}, "properties": {"nom": "L'Isère", "region": "Rhone-Alpes", "longueur_m": 987, "aire_ha": 1863.1, "seuil_max_m": 700, "largeur_libre_m": 60, "plan_eau": 340, "rang": 12, "nb_courses": 16}}, {"type": "Feature", "geometry": {"type": "LineString", "coordinates": [[5.46784, 45.20829], [5.47587, 45.21421]]}, "properties": {"nom": "L'Isère", "region": "Rhone-Alpes", "longueur_m": 910, "aire_ha": 1863.1, "seuil_max_m": 700, "largeur_libre_m": 60, "plan_eau": 340, "rang": 13, "nb_courses": 16}}, {"type": "Feature", "geometry": {"type": "LineString", "coordinates": [[5.37104, 45.16203], [5.37874, 45.16716]]}, "properties": {"nom": "L'Isère", "region": "Rhone-Alpes", "longueur_m": 832, "aire_ha": 1863.1, "seuil_max_m": 700, "largeur_libre_m": 60, "plan_eau": 340, "rang": 14, "nb_courses": 16}}, {"type": "Feature", "geometry": {"type": "LineString", "coordinates": [[5.88572, 45.25075], [5.88975, 45.25742]]}, "properties": {"nom": "L'Isère", "region": "Rhone-Alpes", "longueur_m": 806, "aire_ha": 1863.1, "seuil_max_m": 700, "largeur_libre_m": 60, "plan_eau": 340, "rang": 15, "nb_courses": 16}}, {"type": "Feature", "geometry": {"type": "LineString", "coordinates": [[5.78777, 45.18959], [5.79693, 45.18937]]}, "properties": {"nom": "L'Isère", "region": "Rhone-Alpes", "longueur_m": 720, "aire_ha": 1863.1, "seuil_max_m": 700, "largeur_libre_m": 60, "plan_eau": 340, "rang": 16, "nb_courses": 16}}, {"type": "Feature", "geometry": {"type": "LineString", "coordinates": [[4.97456, 45.9629], [4.96451, 45.96887]]}, "properties": {"nom": "Étang Coirard", "region": "Rhone-Alpes", "longueur_m": 1022, "aire_ha": 41.7, "seuil_max_m": 1000, "largeur_libre_m": 60, "plan_eau": 347, "rang": 1, "nb_courses": 1}}, {"type": "Feature", "geometry": {"type": "LineString", "coordinates": [[6.56668, 45.16382], [6.58277, 45.17973]]}, "properties": {"nom": "Lac de Bissorte", "region": "Rhone-Alpes", "longueur_m": 2172, "aire_ha": 110.2, "seuil_max_m": 2000, "largeur_libre_m": 60, "plan_eau": 350, "rang": 1, "nb_courses": 1}}, {"type": "Feature", "geometry": {"type": "LineString", "coordinates": [[6.96029, 45.22571], [6.90882, 45.2492]]}, "properties": {"nom": "Lac du Mont-Cenis", "region": "Rhone-Alpes", "longueur_m": 4807, "aire_ha": 611.3, "seuil_max_m": 3000, "largeur_libre_m": 60, "plan_eau": 351, "rang": 1, "nb_courses": 1}}, {"type": "Feature", "geometry": {"type": "LineString", "coordinates": [[6.94753, 45.47311], [6.9271, 45.49278]]}, "properties": {"nom": "Lac du Chevril", "region": "Rhone-Alpes", "longueur_m": 2706, "aire_ha": 249.0, "seuil_max_m": 2000, "largeur_libre_m": 60, "plan_eau": 352, "rang": 1, "nb_courses": 1}}, {"type": "Feature", "geometry": {"type": "LineString", "coordinates": [[6.89931, 45.46501], [6.90857, 45.46503]]}, "properties": {"nom": "Lac de Tignes", "region": "Rhone-Alpes", "longueur_m": 724, "aire_ha": 24.2, "seuil_max_m": 700, "largeur_libre_m": 60, "plan_eau": 353, "rang": 1, "nb_courses": 1}}, {"type": "Feature", "geometry": {"type": "LineString", "coordinates": [[4.72873, 46.03783], [4.73012, 46.0454]]}, "properties": {"nom": "Lac de Boistray", "region": "Rhone-Alpes", "longueur_m": 847, "aire_ha": 14.2, "seuil_max_m": 700, "largeur_libre_m": 60, "plan_eau": 354, "rang": 1, "nb_courses": 1}}, {"type": "Feature", "geometry": {"type": "LineString", "coordinates": [[5.55869, 46.25141], [5.56419, 46.26401]]}, "properties": {"nom": "Retenue de Charmine-Moux", "region": "Rhone-Alpes", "longueur_m": 1462, "aire_ha": 60.9, "seuil_max_m": 1340, "largeur_libre_m": 60, "plan_eau": 357, "rang": 1, "nb_courses": 1}}, {"type": "Feature", "geometry": {"type": "LineString", "coordinates": [[6.78259, 45.48358], [6.78514, 45.49218]]}, "properties": {"nom": "Glacier du Cul du Nant", "region": "Rhone-Alpes", "longueur_m": 975, "aire_ha": 37.8, "seuil_max_m": 700, "largeur_libre_m": 60, "plan_eau": 360, "rang": 1, "nb_courses": 1}}, {"type": "Feature", "geometry": {"type": "LineString", "coordinates": [[4.76281, 45.63182], [4.76124, 45.63991]]}, "properties": {"nom": null, "region": "Rhone-Alpes", "longueur_m": 907, "aire_ha": 34.1, "seuil_max_m": 700, "largeur_libre_m": 60, "plan_eau": 361, "rang": 1, "nb_courses": 1}}, {"type": "Feature", "geometry": {"type": "LineString", "coordinates": [[6.91903, 46.06708], [6.9084, 46.10143]]}, "properties": {"nom": "Lac d'Emosson", "region": "Rhone-Alpes", "longueur_m": 3903, "aire_ha": 315.6, "seuil_max_m": 3000, "largeur_libre_m": 60, "plan_eau": 363, "rang": 1, "nb_courses": 1}}, {"type": "Feature", "geometry": {"type": "LineString", "coordinates": [[6.2, 45.82878], [6.13676, 45.90318]]}, "properties": {"nom": "Lac d'Annecy", "region": "Rhone-Alpes", "longueur_m": 9609, "aire_ha": 2740.7, "seuil_max_m": 3000, "largeur_libre_m": 60, "plan_eau": 364, "rang": 1, "nb_courses": 2}}, {"type": "Feature", "geometry": {"type": "LineString", "coordinates": [[6.2197, 45.79332], [6.20429, 45.84126]]}, "properties": {"nom": "Lac d'Annecy", "region": "Rhone-Alpes", "longueur_m": 5457, "aire_ha": 2740.7, "seuil_max_m": 3000, "largeur_libre_m": 60, "plan_eau": 364, "rang": 2, "nb_courses": 2}}, {"type": "Feature", "geometry": {"type": "LineString", "coordinates": [[6.05448, 45.37923], [6.06827, 45.38434]]}, "properties": {"nom": "Bassin du Flumet", "region": "Rhone-Alpes", "longueur_m": 1219, "aire_ha": 63.4, "seuil_max_m": 1000, "largeur_libre_m": 60, "plan_eau": 366, "rang": 1, "nb_courses": 1}}, {"type": "Feature", "geometry": {"type": "LineString", "coordinates": [[6.57719, 45.64185], [6.58176, 45.65038]]}, "properties": {"nom": "Lac de Saint-Guérin", "region": "Rhone-Alpes", "longueur_m": 1012, "aire_ha": 42.8, "seuil_max_m": 1000, "largeur_libre_m": 60, "plan_eau": 367, "rang": 1, "nb_courses": 1}}, {"type": "Feature", "geometry": {"type": "LineString", "coordinates": [[6.72383, 45.25558], [6.71544, 45.26209]]}, "properties": {"nom": "Plan d'amont", "region": "Rhone-Alpes", "longueur_m": 977, "aire_ha": 32.0, "seuil_max_m": 700, "largeur_libre_m": 60, "plan_eau": 369, "rang": 1, "nb_courses": 1}}, {"type": "Feature", "geometry": {"type": "LineString", "coordinates": [[4.06819, 44.81292], [4.07217, 44.82295]]}, "properties": {"nom": "Lac d'Issarlès", "region": "Rhone-Alpes", "longueur_m": 1157, "aire_ha": 89.9, "seuil_max_m": 1000, "largeur_libre_m": 60, "plan_eau": 371, "rang": 1, "nb_courses": 1}}, {"type": "Feature", "geometry": {"type": "LineString", "coordinates": [[6.65348, 45.75386], [6.64719, 45.76513]]}, "properties": {"nom": "Lac de la Girotte", "region": "Rhone-Alpes", "longueur_m": 1343, "aire_ha": 74.2, "seuil_max_m": 1340, "largeur_libre_m": 60, "plan_eau": 373, "rang": 1, "nb_courses": 1}}, {"type": "Feature", "geometry": {"type": "LineString", "coordinates": [[5.12519, 45.62007], [5.1359, 45.62364]]}, "properties": {"nom": "Étang de Fallavier", "region": "Rhone-Alpes", "longueur_m": 925, "aire_ha": 28.4, "seuil_max_m": 700, "largeur_libre_m": 60, "plan_eau": 378, "rang": 1, "nb_courses": 1}}, {"type": "Feature", "geometry": {"type": "LineString", "coordinates": [[6.2282, 44.99954], [6.27445, 45.00336]]}, "properties": {"nom": "Glacier de la Girose", "region": "Rhone-Alpes", "longueur_m": 3669, "aire_ha": 716.6, "seuil_max_m": 3000, "largeur_libre_m": 60, "plan_eau": 381, "rang": 1, "nb_courses": 1}}, {"type": "Feature", "geometry": {"type": "LineString", "coordinates": [[6.28596, 44.90754], [6.28479, 44.9147]]}, "properties": {"nom": "Glacier de l'Encoula", "region": "Rhone-Alpes", "longueur_m": 800, "aire_ha": 22.4, "seuil_max_m": 700, "largeur_libre_m": 60, "plan_eau": 384, "rang": 1, "nb_courses": 1}}, {"type": "Feature", "geometry": {"type": "LineString", "coordinates": [[7.02751, 45.92158], [6.96794, 45.96758]]}, "properties": {"nom": "Glacier d'Argentière", "region": "Rhone-Alpes", "longueur_m": 6884, "aire_ha": 1083.5, "seuil_max_m": 3000, "largeur_libre_m": 60, "plan_eau": 385, "rang": 1, "nb_courses": 1}}, {"type": "Feature", "geometry": {"type": "LineString", "coordinates": [[6.96314, 45.94461], [6.95132, 45.95057]]}, "properties": {"nom": "Glacier de Lognan", "region": "Rhone-Alpes", "longueur_m": 1130, "aire_ha": 44.8, "seuil_max_m": 1000, "largeur_libre_m": 60, "plan_eau": 386, "rang": 1, "nb_courses": 1}}, {"type": "Feature", "geometry": {"type": "LineString", "coordinates": [[6.99626, 45.95818], [7.01445, 45.9616]]}, "properties": {"nom": "Glacier du Chardonnet", "region": "Rhone-Alpes", "longueur_m": 1459, "aire_ha": 75.0, "seuil_max_m": 1340, "largeur_libre_m": 60, "plan_eau": 387, "rang": 1, "nb_courses": 1}}, {"type": "Feature", "geometry": {"type": "LineString", "coordinates": [[7.02279, 45.93827], [7.03533, 45.94218]]}, "properties": {"nom": "Glacier des Rouges du Dolent", "region": "Rhone-Alpes", "longueur_m": 1064, "aire_ha": 32.0, "seuil_max_m": 1000, "largeur_libre_m": 60, "plan_eau": 389, "rang": 1, "nb_courses": 1}}, {"type": "Feature", "geometry": {"type": "LineString", "coordinates": [[7.01313, 45.96696], [7.06428, 45.97459]]}, "properties": {"nom": "Glacier de Saleinaz", "region": "Rhone-Alpes", "longueur_m": 4050, "aire_ha": 511.9, "seuil_max_m": 3000, "largeur_libre_m": 60, "plan_eau": 390, "rang": 1, "nb_courses": 1}}, {"type": "Feature", "geometry": {"type": "LineString", "coordinates": [[5.88981, 45.65087], [5.82699, 45.80505]]}, "properties": {"nom": "Lac du Bourget", "region": "Rhone-Alpes", "longueur_m": 17805, "aire_ha": 5363.3, "seuil_max_m": 3000, "largeur_libre_m": 60, "plan_eau": 392, "rang": 1, "nb_courses": 9}}, {"type": "Feature", "geometry": {"type": "LineString", "coordinates": [[5.88669, 45.65021], [5.87983, 45.7206]]}, "properties": {"nom": "Lac du Bourget", "region": "Rhone-Alpes", "longueur_m": 7835, "aire_ha": 5363.3, "seuil_max_m": 3000, "largeur_libre_m": 60, "plan_eau": 392, "rang": 2, "nb_courses": 9}}, {"type": "Feature", "geometry": {"type": "LineString", "coordinates": [[5.84679, 45.73857], [5.8251, 45.80461]]}, "properties": {"nom": "Lac du Bourget", "region": "Rhone-Alpes", "longueur_m": 7524, "aire_ha": 5363.3, "seuil_max_m": 3000, "largeur_libre_m": 60, "plan_eau": 392, "rang": 3, "nb_courses": 9}}, {"type": "Feature", "geometry": {"type": "LineString", "coordinates": [[5.77695, 45.80324], [5.79042, 45.8291]]}, "properties": {"nom": "Lac du Bourget", "region": "Rhone-Alpes", "longueur_m": 3056, "aire_ha": 5363.3, "seuil_max_m": 3000, "largeur_libre_m": 60, "plan_eau": 392, "rang": 4, "nb_courses": 9}}, {"type": "Feature", "geometry": {"type": "LineString", "coordinates": [[5.80191, 45.85668], [5.81131, 45.87812]]}, "properties": {"nom": "Lac du Bourget", "region": "Rhone-Alpes", "longueur_m": 2490, "aire_ha": 5363.3, "seuil_max_m": 2000, "largeur_libre_m": 60, "plan_eau": 392, "rang": 5, "nb_courses": 9}}, {"type": "Feature", "geometry": {"type": "LineString", "coordinates": [[5.7552, 45.76636], [5.77008, 45.77968]]}, "properties": {"nom": "Lac du Bourget", "region": "Rhone-Alpes", "longueur_m": 1878, "aire_ha": 5363.3, "seuil_max_m": 1500, "largeur_libre_m": 60, "plan_eau": 392, "rang": 6, "nb_courses": 9}}, {"type": "Feature", "geometry": {"type": "LineString", "coordinates": [[5.82485, 45.97842], [5.80804, 45.98975]]}, "properties": {"nom": "Lac du Bourget", "region": "Rhone-Alpes", "longueur_m": 1810, "aire_ha": 5363.3, "seuil_max_m": 1500, "largeur_libre_m": 60, "plan_eau": 392, "rang": 7, "nb_courses": 9}}, {"type": "Feature", "geometry": {"type": "LineString", "coordinates": [[5.82209, 45.9254], [5.82627, 45.94031]]}, "properties": {"nom": "Lac du Bourget", "region": "Rhone-Alpes", "longueur_m": 1687, "aire_ha": 5363.3, "seuil_max_m": 1500, "largeur_libre_m": 60, "plan_eau": 392, "rang": 8, "nb_courses": 9}}, {"type": "Feature", "geometry": {"type": "LineString", "coordinates": [[5.69836, 45.72785], [5.70672, 45.73988]]}, "properties": {"nom": "Lac du Bourget", "region": "Rhone-Alpes", "longueur_m": 1485, "aire_ha": 5363.3, "seuil_max_m": 1340, "largeur_libre_m": 60, "plan_eau": 392, "rang": 9, "nb_courses": 9}}, {"type": "Feature", "geometry": {"type": "LineString", "coordinates": [[5.68327, 45.66458], [5.7068, 45.67998]]}, "properties": {"nom": "Lac du Bourget", "region": "Rhone-Alpes", "longueur_m": 2506, "aire_ha": 544.5, "seuil_max_m": 2000, "largeur_libre_m": 60, "plan_eau": 393, "rang": 1, "nb_courses": 4}}, {"type": "Feature", "geometry": {"type": "LineString", "coordinates": [[5.78287, 45.78281], [5.785, 45.79338]]}, "properties": {"nom": "Lac du Bourget", "region": "Rhone-Alpes", "longueur_m": 1186, "aire_ha": 544.5, "seuil_max_m": 1000, "largeur_libre_m": 60, "plan_eau": 393, "rang": 2, "nb_courses": 4}}, {"type": "Feature", "geometry": {"type": "LineString", "coordinates": [[5.75706, 45.70934], [5.76236, 45.71809]]}, "properties": {"nom": "Lac du Bourget", "region": "Rhone-Alpes", "longueur_m": 1056, "aire_ha": 544.5, "seuil_max_m": 1000, "largeur_libre_m": 60, "plan_eau": 393, "rang": 3, "nb_courses": 4}}, {"type": "Feature", "geometry": {"type": "LineString", "coordinates": [[5.63053, 45.63924], [5.6415, 45.64019]]}, "properties": {"nom": "Lac du Bourget", "region": "Rhone-Alpes", "longueur_m": 861, "aire_ha": 544.5, "seuil_max_m": 700, "largeur_libre_m": 60, "plan_eau": 393, "rang": 4, "nb_courses": 4}}, {"type": "Feature", "geometry": {"type": "LineString", "coordinates": [[6.91379, 45.84128], [6.94486, 45.90867]]}, "properties": {"nom": "Glacier des Bossons", "region": "Rhone-Alpes", "longueur_m": 7862, "aire_ha": 6680.2, "seuil_max_m": 3000, "largeur_libre_m": 60, "plan_eau": 398, "rang": 1, "nb_courses": 6}}, {"type": "Feature", "geometry": {"type": "LineString", "coordinates": [[6.83917, 45.83629], [6.86989, 45.88497]]}, "properties": {"nom": "Glacier des Bossons", "region": "Rhone-Alpes", "longueur_m": 5908, "aire_ha": 6680.2, "seuil_max_m": 3000, "largeur_libre_m": 60, "plan_eau": 398, "rang": 2, "nb_courses": 6}}, {"type": "Feature", "geometry": {"type": "LineString", "coordinates": [[6.87554, 45.77931], [6.82679, 45.81317]]}, "properties": {"nom": "Glacier des Bossons", "region": "Rhone-Alpes", "longueur_m": 5336, "aire_ha": 6680.2, "seuil_max_m": 3000, "largeur_libre_m": 60, "plan_eau": 398, "rang": 3, "nb_courses": 6}}, {"type": "Feature", "geometry": {"type": "LineString", "coordinates": [[6.76991, 45.77654], [6.803, 45.80248]]}, "properties": {"nom": "Glacier des Bossons", "region": "Rhone-Alpes", "longueur_m": 3861, "aire_ha": 6680.2, "seuil_max_m": 3000, "largeur_libre_m": 60, "plan_eau": 398, "rang": 4, "nb_courses": 6}}, {"type": "Feature", "geometry": {"type": "LineString", "coordinates": [[6.93872, 45.91726], [6.92225, 45.92308]]}, "properties": {"nom": "Glacier des Bossons", "region": "Rhone-Alpes", "longueur_m": 1431, "aire_ha": 6680.2, "seuil_max_m": 1340, "largeur_libre_m": 60, "plan_eau": 398, "rang": 5, "nb_courses": 6}}, {"type": "Feature", "geometry": {"type": "LineString", "coordinates": [[6.99258, 45.88149], [6.99956, 45.88901]]}, "properties": {"nom": "Glacier des Bossons", "region": "Rhone-Alpes", "longueur_m": 995, "aire_ha": 6680.2, "seuil_max_m": 700, "largeur_libre_m": 60, "plan_eau": 398, "rang": 6, "nb_courses": 6}}, {"type": "Feature", "geometry": {"type": "LineString", "coordinates": [[6.83237, 45.77723], [6.80553, 45.79231]]}, "properties": {"nom": "Glacier des Bossons", "region": "Rhone-Alpes", "longueur_m": 2675, "aire_ha": 339.2, "seuil_max_m": 2000, "largeur_libre_m": 60, "plan_eau": 401, "rang": 1, "nb_courses": 1}}, {"type": "Feature", "geometry": {"type": "LineString", "coordinates": [[6.78499, 45.7723], [6.77313, 45.77358]]}, "properties": {"nom": "Glacier des Bossons", "region": "Rhone-Alpes", "longueur_m": 932, "aire_ha": 34.8, "seuil_max_m": 700, "largeur_libre_m": 60, "plan_eau": 403, "rang": 1, "nb_courses": 1}}, {"type": "Feature", "geometry": {"type": "LineString", "coordinates": [[6.31519, 45.00434], [6.32632, 45.02023]]}, "properties": {"nom": "Glacier du Tabuchet", "region": "Rhone-Alpes", "longueur_m": 1971, "aire_ha": 128.6, "seuil_max_m": 1500, "largeur_libre_m": 60, "plan_eau": 404, "rang": 1, "nb_courses": 1}}, {"type": "Feature", "geometry": {"type": "LineString", "coordinates": [[6.28748, 45.00295], [6.31394, 45.01155]]}, "properties": {"nom": "Glacier de la Meije", "region": "Rhone-Alpes", "longueur_m": 2293, "aire_ha": 153.2, "seuil_max_m": 2000, "largeur_libre_m": 60, "plan_eau": 405, "rang": 1, "nb_courses": 1}}, {"type": "Feature", "geometry": {"type": "LineString", "coordinates": [[6.27235, 44.98703], [6.28071, 44.99899]]}, "properties": {"nom": "Glacier de la Meije", "region": "Rhone-Alpes", "longueur_m": 1482, "aire_ha": 123.4, "seuil_max_m": 1340, "largeur_libre_m": 60, "plan_eau": 406, "rang": 1, "nb_courses": 1}}, {"type": "Feature", "geometry": {"type": "LineString", "coordinates": [[4.64365, 45.30094], [4.63782, 45.30841]]}, "properties": {"nom": "Lac du Ternay", "region": "Rhone-Alpes", "longueur_m": 947, "aire_ha": 23.5, "seuil_max_m": 700, "largeur_libre_m": 60, "plan_eau": 408, "rang": 1, "nb_courses": 1}}, {"type": "Feature", "geometry": {"type": "LineString", "coordinates": [[6.00687, 45.44398], [6.00955, 45.45143]]}, "properties": {"nom": "Plan d’eau des Lônes", "region": "Rhone-Alpes", "longueur_m": 853, "aire_ha": 13.8, "seuil_max_m": 700, "largeur_libre_m": 60, "plan_eau": 410, "rang": 1, "nb_courses": 1}}, {"type": "Feature", "geometry": {"type": "LineString", "coordinates": [[6.06087, 44.96808], [6.06863, 44.97266]]}, "properties": {"nom": "Lac Lauvitel", "region": "Rhone-Alpes", "longueur_m": 796, "aire_ha": 37.5, "seuil_max_m": 700, "largeur_libre_m": 60, "plan_eau": 412, "rang": 1, "nb_courses": 1}}, {"type": "Feature", "geometry": {"type": "LineString", "coordinates": [[7.05495, 45.89866], [7.03003, 45.91793]]}, "properties": {"nom": "Ghiacciaio di Pré de Bar", "region": "Rhone-Alpes", "longueur_m": 2882, "aire_ha": 245.2, "seuil_max_m": 2000, "largeur_libre_m": 60, "plan_eau": 415, "rang": 1, "nb_courses": 1}}, {"type": "Feature", "geometry": {"type": "LineString", "coordinates": [[7.02489, 45.88773], [7.01294, 45.90404]]}, "properties": {"nom": "Ghiacciaio di Triolet", "region": "Rhone-Alpes", "longueur_m": 2035, "aire_ha": 331.4, "seuil_max_m": 2000, "largeur_libre_m": 60, "plan_eau": 416, "rang": 1, "nb_courses": 1}}, {"type": "Feature", "geometry": {"type": "LineString", "coordinates": [[7.06512, 45.91457], [7.05507, 45.9242]]}, "properties": {"nom": "Glacier du Dolent", "region": "Rhone-Alpes", "longueur_m": 1323, "aire_ha": 94.9, "seuil_max_m": 1000, "largeur_libre_m": 60, "plan_eau": 417, "rang": 1, "nb_courses": 1}}, {"type": "Feature", "geometry": {"type": "LineString", "coordinates": [[6.9511, 45.92546], [6.96366, 45.92995]]}, "properties": {"nom": "Glacier de la Charpoua", "region": "Rhone-Alpes", "longueur_m": 1093, "aire_ha": 34.6, "seuil_max_m": 1000, "largeur_libre_m": 60, "plan_eau": 418, "rang": 1, "nb_courses": 1}}, {"type": "Feature", "geometry": {"type": "LineString", "coordinates": [[7.00474, 45.87099], [7.01138, 45.88312]]}, "properties": {"nom": "Ghiacciaio di Fréboudze", "region": "Rhone-Alpes", "longueur_m": 1442, "aire_ha": 145.3, "seuil_max_m": 1340, "largeur_libre_m": 60, "plan_eau": 419, "rang": 1, "nb_courses": 1}}, {"type": "Feature", "geometry": {"type": "LineString", "coordinates": [[6.82072, 45.76724], [6.80663, 45.77435]]}, "properties": {"nom": "Ghiacciaio d'Estellette", "region": "Rhone-Alpes", "longueur_m": 1350, "aire_ha": 37.2, "seuil_max_m": 1340, "largeur_libre_m": 60, "plan_eau": 420, "rang": 1, "nb_courses": 1}}, {"type": "Feature", "geometry": {"type": "LineString", "coordinates": [[6.79243, 45.82415], [6.81415, 45.833]]}, "properties": {"nom": "Glacier de Miage", "region": "Rhone-Alpes", "longueur_m": 1952, "aire_ha": 118.8, "seuil_max_m": 1500, "largeur_libre_m": 60, "plan_eau": 421, "rang": 1, "nb_courses": 1}}, {"type": "Feature", "geometry": {"type": "LineString", "coordinates": [[6.90761, 45.89869], [6.89595, 45.90394]]}, "properties": {"nom": "Glacier de Blaitière", "region": "Rhone-Alpes", "longueur_m": 1076, "aire_ha": 54.3, "seuil_max_m": 1000, "largeur_libre_m": 60, "plan_eau": 423, "rang": 1, "nb_courses": 1}}, {"type": "Feature", "geometry": {"type": "LineString", "coordinates": [[6.94485, 45.93784], [6.96246, 45.94187]]}, "properties": {"nom": "Glacier du Nant Blanc", "region": "Rhone-Alpes", "longueur_m": 1436, "aire_ha": 70.8, "seuil_max_m": 1340, "largeur_libre_m": 60, "plan_eau": 425, "rang": 1, "nb_courses": 1}}, {"type": "Feature", "geometry": {"type": "LineString", "coordinates": [[6.11526, 44.9105], [6.12116, 44.91642]]}, "properties": {"nom": "Glacier du Vallon de Lanchâtra", "region": "Rhone-Alpes", "longueur_m": 805, "aire_ha": 37.2, "seuil_max_m": 700, "largeur_libre_m": 60, "plan_eau": 429, "rang": 1, "nb_courses": 1}}, {"type": "Feature", "geometry": {"type": "LineString", "coordinates": [[6.10528, 44.93183], [6.11154, 44.93976]]}, "properties": {"nom": "Glacier de la Muzelle", "region": "Rhone-Alpes", "longueur_m": 1010, "aire_ha": 24.6, "seuil_max_m": 1000, "largeur_libre_m": 60, "plan_eau": 430, "rang": 1, "nb_courses": 1}}, {"type": "Feature", "geometry": {"type": "LineString", "coordinates": [[6.26629, 44.95874], [6.2649, 44.96724]]}, "properties": {"nom": "Glacier du Plaret", "region": "Rhone-Alpes", "longueur_m": 951, "aire_ha": 43.2, "seuil_max_m": 700, "largeur_libre_m": 60, "plan_eau": 431, "rang": 1, "nb_courses": 1}}, {"type": "Feature", "geometry": {"type": "LineString", "coordinates": [[6.2786, 45.00316], [6.28948, 45.01403]]}, "properties": {"nom": "Glacier du Râteau", "region": "Rhone-Alpes", "longueur_m": 1481, "aire_ha": 87.4, "seuil_max_m": 1340, "largeur_libre_m": 60, "plan_eau": 433, "rang": 1, "nb_courses": 1}}, {"type": "Feature", "geometry": {"type": "LineString", "coordinates": [[6.32437, 45.00091], [6.34111, 45.0088]]}, "properties": {"nom": "Glacier du Lautaret", "region": "Rhone-Alpes", "longueur_m": 1583, "aire_ha": 101.2, "seuil_max_m": 1500, "largeur_libre_m": 60, "plan_eau": 434, "rang": 1, "nb_courses": 1}}, {"type": "Feature", "geometry": {"type": "LineString", "coordinates": [[6.33978, 44.95015], [6.32629, 44.95261]]}, "properties": {"nom": "Glacier de la Plate des Agneaux", "region": "Rhone-Alpes", "longueur_m": 1099, "aire_ha": 53.8, "seuil_max_m": 1000, "largeur_libre_m": 60, "plan_eau": 435, "rang": 1, "nb_courses": 1}}, {"type": "Feature", "geometry": {"type": "LineString", "coordinates": [[6.32334, 44.97281], [6.33483, 44.97654]]}, "properties": {"nom": "Glacier du Clot des Cavales", "region": "Rhone-Alpes", "longueur_m": 996, "aire_ha": 34.3, "seuil_max_m": 700, "largeur_libre_m": 60, "plan_eau": 438, "rang": 1, "nb_courses": 1}}, {"type": "Feature", "geometry": {"type": "LineString", "coordinates": [[6.36573, 44.87846], [6.36314, 44.88672]]}, "properties": {"nom": "Glacier de l'Ailefroide", "region": "Rhone-Alpes", "longueur_m": 941, "aire_ha": 51.1, "seuil_max_m": 700, "largeur_libre_m": 60, "plan_eau": 439, "rang": 1, "nb_courses": 1}}, {"type": "Feature", "geometry": {"type": "LineString", "coordinates": [[6.88194, 46.10275], [6.89216, 46.10919]]}, "properties": {"nom": "Glacier du Prazon", "region": "Rhone-Alpes", "longueur_m": 1065, "aire_ha": 47.8, "seuil_max_m": 1000, "largeur_libre_m": 60, "plan_eau": 446, "rang": 1, "nb_courses": 1}}, {"type": "Feature", "geometry": {"type": "LineString", "coordinates": [[4.26975, 45.56381], [4.25964, 45.57514]]}, "properties": {"nom": null, "region": "Rhone-Alpes", "longueur_m": 1485, "aire_ha": 258.6, "seuil_max_m": 1340, "largeur_libre_m": 60, "plan_eau": 448, "rang": 1, "nb_courses": 2}}, {"type": "Feature", "geometry": {"type": "LineString", "coordinates": [[4.25577, 45.48978], [4.25789, 45.49832]]}, "properties": {"nom": null, "region": "Rhone-Alpes", "longueur_m": 962, "aire_ha": 258.6, "seuil_max_m": 700, "largeur_libre_m": 60, "plan_eau": 448, "rang": 2, "nb_courses": 2}}, {"type": "Feature", "geometry": {"type": "LineString", "coordinates": [[6.61711, 45.67451], [6.65096, 45.69853]]}, "properties": {"nom": "Lac de Roselend", "region": "Rhone-Alpes", "longueur_m": 3750, "aire_ha": 308.6, "seuil_max_m": 3000, "largeur_libre_m": 60, "plan_eau": 449, "rang": 1, "nb_courses": 1}}, {"type": "Feature", "geometry": {"type": "LineString", "coordinates": [[6.64665, 45.71075], [6.65668, 45.71228]]}, "properties": {"nom": "Lac de la Gittaz", "region": "Rhone-Alpes", "longueur_m": 799, "aire_ha": 38.3, "seuil_max_m": 700, "largeur_libre_m": 60, "plan_eau": 451, "rang": 1, "nb_courses": 1}}, {"type": "Feature", "geometry": {"type": "LineString", "coordinates": [[6.80554, 45.40155], [6.82537, 45.40308]]}, "properties": {"nom": "Glacier des Grands Couloirs", "region": "Rhone-Alpes", "longueur_m": 1561, "aire_ha": 56.3, "seuil_max_m": 1500, "largeur_libre_m": 60, "plan_eau": 453, "rang": 1, "nb_courses": 1}}, {"type": "Feature", "geometry": {"type": "LineString", "coordinates": [[6.72189, 46.20848], [6.73609, 46.20957]]}, "properties": {"nom": "Lac de Montriond", "region": "Rhone-Alpes", "longueur_m": 1102, "aire_ha": 28.0, "seuil_max_m": 1000, "largeur_libre_m": 60, "plan_eau": 466, "rang": 1, "nb_courses": 1}}, {"type": "Feature", "geometry": {"type": "LineString", "coordinates": [[7.14796, 45.26421], [7.13958, 45.27333]]}, "properties": {"nom": "Lago della Rossa", "region": "Rhone-Alpes", "longueur_m": 1208, "aire_ha": 56.2, "seuil_max_m": 1000, "largeur_libre_m": 60, "plan_eau": 473, "rang": 1, "nb_courses": 1}}, {"type": "Feature", "geometry": {"type": "LineString", "coordinates": [[4.24735, 45.45206], [4.2576, 45.4628]]}, "properties": {"nom": "L'Ondaine", "region": "Rhone-Alpes", "longueur_m": 1437, "aire_ha": 387.0, "seuil_max_m": 1340, "largeur_libre_m": 60, "plan_eau": 474, "rang": 1, "nb_courses": 2}}, {"type": "Feature", "geometry": {"type": "LineString", "coordinates": [[4.23628, 45.40081], [4.24856, 45.40835]]}, "properties": {"nom": "L'Ondaine", "region": "Rhone-Alpes", "longueur_m": 1274, "aire_ha": 387.0, "seuil_max_m": 1000, "largeur_libre_m": 60, "plan_eau": 474, "rang": 2, "nb_courses": 2}}, {"type": "Feature", "geometry": {"type": "LineString", "coordinates": [[6.22456, 45.56614], [6.23328, 45.56935]]}, "properties": {"nom": null, "region": "Rhone-Alpes", "longueur_m": 768, "aire_ha": 19.3, "seuil_max_m": 700, "largeur_libre_m": 60, "plan_eau": 476, "rang": 1, "nb_courses": 1}}, {"type": "Feature", "geometry": {"type": "LineString", "coordinates": [[5.82278, 44.86306], [5.80491, 44.87671]]}, "properties": {"nom": "Lac de Saint-Pierre-Cognet", "region": "Rhone-Alpes", "longueur_m": 2071, "aire_ha": 117.0, "seuil_max_m": 2000, "largeur_libre_m": 60, "plan_eau": 483, "rang": 1, "nb_courses": 1}}, {"type": "Feature", "geometry": {"type": "LineString", "coordinates": [[6.85775, 45.53108], [6.84675, 45.53312]]}, "properties": {"nom": "Glacier du Geay", "region": "Rhone-Alpes", "longueur_m": 888, "aire_ha": 40.9, "seuil_max_m": 700, "largeur_libre_m": 60, "plan_eau": 484, "rang": 1, "nb_courses": 1}}, {"type": "Feature", "geometry": {"type": "LineString", "coordinates": [[6.99465, 45.54727], [6.99304, 45.55434]]}, "properties": {"nom": "Ghiacciaio di Suessaz", "region": "Rhone-Alpes", "longueur_m": 794, "aire_ha": 24.3, "seuil_max_m": 700, "largeur_libre_m": 60, "plan_eau": 485, "rang": 1, "nb_courses": 1}}, {"type": "Feature", "geometry": {"type": "LineString", "coordinates": [[6.87305, 45.51029], [6.87653, 45.53428]]}, "properties": {"nom": "Glacier Sud de la Gurraz", "region": "Rhone-Alpes", "longueur_m": 2678, "aire_ha": 287.2, "seuil_max_m": 2000, "largeur_libre_m": 60, "plan_eau": 486, "rang": 1, "nb_courses": 1}}, {"type": "Feature", "geometry": {"type": "LineString", "coordinates": [[6.97268, 45.34164], [6.97452, 45.34782]]}, "properties": {"nom": "Glacier de Méan-Martin", "region": "Rhone-Alpes", "longueur_m": 702, "aire_ha": 21.1, "seuil_max_m": 700, "largeur_libre_m": 60, "plan_eau": 489, "rang": 1, "nb_courses": 1}}, {"type": "Feature", "geometry": {"type": "LineString", "coordinates": [[6.32505, 45.10465], [6.31557, 45.10943]]}, "properties": {"nom": "Glacier Lombard", "region": "Rhone-Alpes", "longueur_m": 915, "aire_ha": 41.1, "seuil_max_m": 700, "largeur_libre_m": 60, "plan_eau": 490, "rang": 1, "nb_courses": 1}}, {"type": "Feature", "geometry": {"type": "LineString", "coordinates": [[7.17423, 45.39601], [7.17882, 45.40803]]}, "properties": {"nom": "Glacier Nord des Sources de l'Arc", "region": "Rhone-Alpes", "longueur_m": 1382, "aire_ha": 93.6, "seuil_max_m": 1340, "largeur_libre_m": 60, "plan_eau": 492, "rang": 1, "nb_courses": 1}}, {"type": "Feature", "geometry": {"type": "LineString", "coordinates": [[4.87258, 46.02874], [4.86376, 46.0302]]}, "properties": {"nom": "Étang Nattet", "region": "Rhone-Alpes", "longueur_m": 701, "aire_ha": 17.4, "seuil_max_m": 700, "largeur_libre_m": 60, "plan_eau": 504, "rang": 1, "nb_courses": 1}}, {"type": "Feature", "geometry": {"type": "LineString", "coordinates": [[4.21358, 45.70347], [4.21022, 45.71284]]}, "properties": {"nom": null, "region": "Rhone-Alpes", "longueur_m": 1073, "aire_ha": 25.2, "seuil_max_m": 1000, "largeur_libre_m": 60, "plan_eau": 509, "rang": 1, "nb_courses": 1}}, {"type": "Feature", "geometry": {"type": "LineString", "coordinates": [[4.42166, 45.32701], [4.4079, 45.33217]]}, "properties": {"nom": "Retenue Barrage des Plats", "region": "Rhone-Alpes", "longueur_m": 1221, "aire_ha": 25.5, "seuil_max_m": 1000, "largeur_libre_m": 60, "plan_eau": 514, "rang": 1, "nb_courses": 1}}, {"type": "Feature", "geometry": {"type": "LineString", "coordinates": [[5.04495, 46.47802], [5.04521, 46.48494]]}, "properties": {"nom": "Étang Morel", "region": "Rhone-Alpes", "longueur_m": 768, "aire_ha": 23.2, "seuil_max_m": 700, "largeur_libre_m": 60, "plan_eau": 516, "rang": 1, "nb_courses": 1}}, {"type": "Feature", "geometry": {"type": "LineString", "coordinates": [[5.17861, 46.4177], [5.18876, 46.42307]]}, "properties": {"nom": "Étang de Pontremble", "region": "Rhone-Alpes", "longueur_m": 982, "aire_ha": 41.0, "seuil_max_m": 700, "largeur_libre_m": 60, "plan_eau": 517, "rang": 1, "nb_courses": 1}}, {"type": "Feature", "geometry": {"type": "LineString", "coordinates": [[6.7626, 45.7604], [6.76312, 45.768]]}, "properties": {"nom": "Glacier des Lanchettes", "region": "Rhone-Alpes", "longueur_m": 845, "aire_ha": 25.0, "seuil_max_m": 700, "largeur_libre_m": 60, "plan_eau": 520, "rang": 1, "nb_courses": 1}}, {"type": "Feature", "geometry": {"type": "LineString", "coordinates": [[6.9971, 45.52778], [6.97894, 45.54348]]}, "properties": {"nom": "Glacier Supérieur des Balmes", "region": "Rhone-Alpes", "longueur_m": 2248, "aire_ha": 237.4, "seuil_max_m": 2000, "largeur_libre_m": 60, "plan_eau": 522, "rang": 1, "nb_courses": 1}}, {"type": "Feature", "geometry": {"type": "LineString", "coordinates": [[7.04335, 45.49713], [7.00262, 45.50984]]}, "properties": {"nom": "Ghiacciaio di Gliairetta", "region": "Rhone-Alpes", "longueur_m": 3480, "aire_ha": 451.2, "seuil_max_m": 3000, "largeur_libre_m": 60, "plan_eau": 523, "rang": 1, "nb_courses": 1}}, {"type": "Feature", "geometry": {"type": "LineString", "coordinates": [[7.04302, 45.49123], [7.06566, 45.50283]]}, "properties": {"nom": "Ghiacciaio di Golettaz", "region": "Rhone-Alpes", "longueur_m": 2188, "aire_ha": 215.3, "seuil_max_m": 2000, "largeur_libre_m": 60, "plan_eau": 524, "rang": 1, "nb_courses": 1}}, {"type": "Feature", "geometry": {"type": "LineString", "coordinates": [[7.10042, 45.46535], [7.08779, 45.47902]]}, "properties": {"nom": "Ghiacciaio di Fond", "region": "Rhone-Alpes", "longueur_m": 1810, "aire_ha": 199.3, "seuil_max_m": 1500, "largeur_libre_m": 60, "plan_eau": 525, "rang": 1, "nb_courses": 1}}, {"type": "Feature", "geometry": {"type": "LineString", "coordinates": [[7.10914, 45.43347], [7.10412, 45.44663]]}, "properties": {"nom": "Glacier des Sources de l'Isère", "region": "Rhone-Alpes", "longueur_m": 1513, "aire_ha": 87.1, "seuil_max_m": 1500, "largeur_libre_m": 60, "plan_eau": 527, "rang": 1, "nb_courses": 1}}, {"type": "Feature", "geometry": {"type": "LineString", "coordinates": [[7.17656, 45.41281], [7.15449, 45.42837]]}, "properties": {"nom": "Ghiacciaio di Nel", "region": "Rhone-Alpes", "longueur_m": 2442, "aire_ha": 142.1, "seuil_max_m": 2000, "largeur_libre_m": 60, "plan_eau": 528, "rang": 1, "nb_courses": 1}}, {"type": "Feature", "geometry": {"type": "LineString", "coordinates": [[7.06796, 45.41669], [7.06298, 45.42745]]}, "properties": {"nom": "Glacier du Grand Pisaillas", "region": "Rhone-Alpes", "longueur_m": 1257, "aire_ha": 48.6, "seuil_max_m": 1000, "largeur_libre_m": 60, "plan_eau": 529, "rang": 1, "nb_courses": 1}}, {"type": "Feature", "geometry": {"type": "LineString", "coordinates": [[6.76539, 45.41723], [6.76262, 45.42619]]}, "properties": {"nom": "Glacier des Volnets", "region": "Rhone-Alpes", "longueur_m": 1018, "aire_ha": 45.1, "seuil_max_m": 1000, "largeur_libre_m": 60, "plan_eau": 530, "rang": 1, "nb_courses": 1}}, {"type": "Feature", "geometry": {"type": "LineString", "coordinates": [[7.11626, 45.32385], [7.10164, 45.34408]]}, "properties": {"nom": "Glacier des Évettes", "region": "Rhone-Alpes", "longueur_m": 2522, "aire_ha": 358.7, "seuil_max_m": 2000, "largeur_libre_m": 60, "plan_eau": 531, "rang": 1, "nb_courses": 1}}, {"type": "Feature", "geometry": {"type": "LineString", "coordinates": [[6.99462, 45.36906], [6.98359, 45.37028]]}, "properties": {"nom": "Glacier des Fours", "region": "Rhone-Alpes", "longueur_m": 875, "aire_ha": 55.6, "seuil_max_m": 700, "largeur_libre_m": 60, "plan_eau": 532, "rang": 1, "nb_courses": 1}}, {"type": "Feature", "geometry": {"type": "LineString", "coordinates": [[7.05822, 45.284], [7.04602, 45.28583]]}, "properties": {"nom": "Glacier de Charbonnel", "region": "Rhone-Alpes", "longueur_m": 977, "aire_ha": 53.4, "seuil_max_m": 700, "largeur_libre_m": 60, "plan_eau": 535, "rang": 1, "nb_courses": 1}}, {"type": "Feature", "geometry": {"type": "LineString", "coordinates": [[7.12963, 45.27238], [7.13049, 45.28399]]}, "properties": {"nom": "Glacier d'Arnès", "region": "Rhone-Alpes", "longueur_m": 1291, "aire_ha": 72.8, "seuil_max_m": 1000, "largeur_libre_m": 60, "plan_eau": 536, "rang": 1, "nb_courses": 1}}, {"type": "Feature", "geometry": {"type": "LineString", "coordinates": [[7.09476, 45.34666], [7.08093, 45.35228]]}, "properties": {"nom": "Glacier Inférieur du Vallonnet", "region": "Rhone-Alpes", "longueur_m": 1250, "aire_ha": 42.4, "seuil_max_m": 1000, "largeur_libre_m": 60, "plan_eau": 541, "rang": 1, "nb_courses": 1}}, {"type": "Feature", "geometry": {"type": "LineString", "coordinates": [[6.94369, 45.33535], [6.95463, 45.33701]]}, "properties": {"nom": "Glacier du Vallonbrun", "region": "Rhone-Alpes", "longueur_m": 877, "aire_ha": 30.3, "seuil_max_m": 700, "largeur_libre_m": 60, "plan_eau": 543, "rang": 1, "nb_courses": 1}}, {"type": "Feature", "geometry": {"type": "LineString", "coordinates": [[6.92272, 45.33162], [6.89566, 45.33357]]}, "properties": {"nom": "Glacier du Vallonnet", "region": "Rhone-Alpes", "longueur_m": 2131, "aire_ha": 185.9, "seuil_max_m": 2000, "largeur_libre_m": 60, "plan_eau": 544, "rang": 1, "nb_courses": 1}}, {"type": "Feature", "geometry": {"type": "LineString", "coordinates": [[6.76361, 45.2868], [6.77069, 45.2924]]}, "properties": {"nom": "Glacier de Belle Place", "region": "Rhone-Alpes", "longueur_m": 834, "aire_ha": 29.6, "seuil_max_m": 700, "largeur_libre_m": 60, "plan_eau": 546, "rang": 1, "nb_courses": 1}}, {"type": "Feature", "geometry": {"type": "LineString", "coordinates": [[6.90231, 45.17115], [6.89357, 45.17388]]}, "properties": {"nom": "Glacier de Savine", "region": "Rhone-Alpes", "longueur_m": 750, "aire_ha": 27.7, "seuil_max_m": 700, "largeur_libre_m": 60, "plan_eau": 548, "rang": 1, "nb_courses": 1}}, {"type": "Feature", "geometry": {"type": "LineString", "coordinates": [[6.89587, 45.14465], [6.90566, 45.14733]]}, "properties": {"nom": "Ghiacciaio dell'Agnello", "region": "Rhone-Alpes", "longueur_m": 825, "aire_ha": 24.3, "seuil_max_m": 700, "largeur_libre_m": 60, "plan_eau": 550, "rang": 1, "nb_courses": 1}}, {"type": "Feature", "geometry": {"type": "LineString", "coordinates": [[6.85113, 45.13175], [6.85918, 45.13639]]}, "properties": {"nom": "Glacier Sommeiller", "region": "Rhone-Alpes", "longueur_m": 817, "aire_ha": 63.7, "seuil_max_m": 700, "largeur_libre_m": 60, "plan_eau": 551, "rang": 1, "nb_courses": 1}}, {"type": "Feature", "geometry": {"type": "LineString", "coordinates": [[4.88192, 46.01185], [4.87191, 46.01275]]}, "properties": {"nom": "Étang Grand Montberthoud", "region": "Rhone-Alpes", "longueur_m": 781, "aire_ha": 13.4, "seuil_max_m": 700, "largeur_libre_m": 60, "plan_eau": 567, "rang": 1, "nb_courses": 1}}, {"type": "Feature", "geometry": {"type": "LineString", "coordinates": [[4.03226, 45.94025], [4.0183, 45.96665]]}, "properties": {"nom": "Lac de Villerest", "region": "Rhone-Alpes", "longueur_m": 3124, "aire_ha": 962.2, "seuil_max_m": 3000, "largeur_libre_m": 60, "plan_eau": 577, "rang": 1, "nb_courses": 6}}, {"type": "Feature", "geometry": {"type": "LineString", "coordinates": [[4.08599, 45.90823], [4.06782, 45.91492]]}, "properties": {"nom": "Lac de Villerest", "region": "Rhone-Alpes", "longueur_m": 1592, "aire_ha": 962.2, "seuil_max_m": 1500, "largeur_libre_m": 60, "plan_eau": 577, "rang": 2, "nb_courses": 6}}, {"type": "Feature", "geometry": {"type": "LineString", "coordinates": [[4.1941, 45.66584], [4.20616, 45.67494]]}, "properties": {"nom": "Lac de Villerest", "region": "Rhone-Alpes", "longueur_m": 1380, "aire_ha": 962.2, "seuil_max_m": 1340, "largeur_libre_m": 60, "plan_eau": 577, "rang": 3, "nb_courses": 6}}, {"type": "Feature", "geometry": {"type": "LineString", "coordinates": [[4.18788, 45.78221], [4.1831, 45.79132]]}, "properties": {"nom": "Lac de Villerest", "region": "Rhone-Alpes", "longueur_m": 1078, "aire_ha": 962.2, "seuil_max_m": 1000, "largeur_libre_m": 60, "plan_eau": 577, "rang": 4, "nb_courses": 6}}, {"type": "Feature", "geometry": {"type": "LineString", "coordinates": [[4.21387, 45.73912], [4.20837, 45.74698]]}, "properties": {"nom": "Lac de Villerest", "region": "Rhone-Alpes", "longueur_m": 972, "aire_ha": 962.2, "seuil_max_m": 700, "largeur_libre_m": 60, "plan_eau": 577, "rang": 5, "nb_courses": 6}}, {"type": "Feature", "geometry": {"type": "LineString", "coordinates": [[4.11321, 45.86533], [4.10325, 45.86691]]}, "properties": {"nom": "Lac de Villerest", "region": "Rhone-Alpes", "longueur_m": 792, "aire_ha": 962.2, "seuil_max_m": 700, "largeur_libre_m": 60, "plan_eau": 577, "rang": 6, "nb_courses": 6}}, {"type": "Feature", "geometry": {"type": "LineString", "coordinates": [[6.14909, 46.34917], [6.15331, 46.35855]]}, "properties": {"nom": "Lac de Divonne", "region": "Rhone-Alpes", "longueur_m": 1092, "aire_ha": 39.0, "seuil_max_m": 1000, "largeur_libre_m": 60, "plan_eau": 584, "rang": 1, "nb_courses": 1}}, {"type": "Feature", "geometry": {"type": "LineString", "coordinates": [[6.02191, 44.9746], [6.01551, 44.98005]]}, "properties": {"nom": "Lac du Vallon", "region": "Rhone-Alpes", "longueur_m": 788, "aire_ha": 14.8, "seuil_max_m": 700, "largeur_libre_m": 60, "plan_eau": 587, "rang": 1, "nb_courses": 1}}, {"type": "Feature", "geometry": {"type": "LineString", "coordinates": [[4.71923, 44.54973], [4.73036, 44.55465]]}, "properties": {"nom": null, "region": "Rhone-Alpes", "longueur_m": 1039, "aire_ha": 69.6, "seuil_max_m": 1000, "largeur_libre_m": 60, "plan_eau": 591, "rang": 1, "nb_courses": 1}}, {"type": "Feature", "geometry": {"type": "LineString", "coordinates": [[4.36897, 44.40383], [4.35776, 44.40439]]}, "properties": {"nom": null, "region": "Rhone-Alpes", "longueur_m": 895, "aire_ha": 271.7, "seuil_max_m": 700, "largeur_libre_m": 60, "plan_eau": 597, "rang": 1, "nb_courses": 1}}, {"type": "Feature", "geometry": {"type": "LineString", "coordinates": [[5.95004, 44.8054], [5.90979, 44.81764]]}, "properties": {"nom": "Lac du Sautet", "region": "Rhone-Alpes", "longueur_m": 3460, "aire_ha": 331.0, "seuil_max_m": 3000, "largeur_libre_m": 60, "plan_eau": 598, "rang": 1, "nb_courses": 2}}, {"type": "Feature", "geometry": {"type": "LineString", "coordinates": [[5.9827, 44.77741], [5.97787, 44.7875]]}, "properties": {"nom": "Lac du Sautet", "region": "Rhone-Alpes", "longueur_m": 1184, "aire_ha": 331.0, "seuil_max_m": 1000, "largeur_libre_m": 60, "plan_eau": 598, "rang": 2, "nb_courses": 2}}, {"type": "Feature", "geometry": {"type": "LineString", "coordinates": [[7.07422, 45.42545], [7.08248, 45.42881]]}, "properties": {"nom": "Glacier du Montet", "region": "Rhone-Alpes", "longueur_m": 746, "aire_ha": 27.2, "seuil_max_m": 700, "largeur_libre_m": 60, "plan_eau": 617, "rang": 1, "nb_courses": 1}}, {"type": "Feature", "geometry": {"type": "LineString", "coordinates": [[7.13112, 45.36207], [7.16114, 45.36207]]}, "properties": {"nom": "Glacier du Grand Méan", "region": "Rhone-Alpes", "longueur_m": 2350, "aire_ha": 157.8, "seuil_max_m": 2000, "largeur_libre_m": 60, "plan_eau": 618, "rang": 1, "nb_courses": 1}}, {"type": "Feature", "geometry": {"type": "LineString", "coordinates": [[4.072, 46.0219], [4.08516, 46.0373]]}, "properties": {"nom": null, "region": "Rhone-Alpes", "longueur_m": 1989, "aire_ha": 87.2, "seuil_max_m": 1500, "largeur_libre_m": 60, "plan_eau": 624, "rang": 1, "nb_courses": 1}}, {"type": "Feature", "geometry": {"type": "LineString", "coordinates": [[5.10795, 46.1064], [5.09742, 46.10989]]}, "properties": {"nom": "Étang Bataillard", "region": "Rhone-Alpes", "longueur_m": 901, "aire_ha": 40.2, "seuil_max_m": 700, "largeur_libre_m": 60, "plan_eau": 640, "rang": 1, "nb_courses": 1}}, {"type": "Feature", "geometry": {"type": "LineString", "coordinates": [[3.8677, 46.04234], [3.85749, 46.04433]]}, "properties": {"nom": null, "region": "Rhone-Alpes", "longueur_m": 820, "aire_ha": 33.1, "seuil_max_m": 700, "largeur_libre_m": 60, "plan_eau": 646, "rang": 1, "nb_courses": 1}}, {"type": "Feature", "geometry": {"type": "LineString", "coordinates": [[6.08168, 45.24039], [6.07949, 45.24938]]}, "properties": {"nom": "Lac de Cottepens", "region": "Rhone-Alpes", "longueur_m": 1013, "aire_ha": 34.5, "seuil_max_m": 1000, "largeur_libre_m": 60, "plan_eau": 658, "rang": 1, "nb_courses": 1}}, {"type": "Feature", "geometry": {"type": "LineString", "coordinates": [[5.78535, 44.97308], [5.77053, 44.97691]]}, "properties": {"nom": "Lac de Pierre-Chatel", "region": "Rhone-Alpes", "longueur_m": 1243, "aire_ha": 98.2, "seuil_max_m": 1000, "largeur_libre_m": 60, "plan_eau": 660, "rang": 1, "nb_courses": 1}}, {"type": "Feature", "geometry": {"type": "LineString", "coordinates": [[5.77448, 44.98379], [5.78123, 44.99507]]}, "properties": {"nom": "Lac de Petichet", "region": "Rhone-Alpes", "longueur_m": 1362, "aire_ha": 82.5, "seuil_max_m": 1340, "largeur_libre_m": 60, "plan_eau": 661, "rang": 1, "nb_courses": 1}}, {"type": "Feature", "geometry": {"type": "LineString", "coordinates": [[5.78703, 45.02824], [5.79222, 45.03487]]}, "properties": {"nom": "Lac Mort", "region": "Rhone-Alpes", "longueur_m": 842, "aire_ha": 30.4, "seuil_max_m": 700, "largeur_libre_m": 60, "plan_eau": 662, "rang": 1, "nb_courses": 1}}, {"type": "Feature", "geometry": {"type": "LineString", "coordinates": [[5.77562, 44.99991], [5.78013, 45.02264]]}, "properties": {"nom": "Grand Lac de Laffrey", "region": "Rhone-Alpes", "longueur_m": 2549, "aire_ha": 120.9, "seuil_max_m": 2000, "largeur_libre_m": 60, "plan_eau": 663, "rang": 1, "nb_courses": 1}}, {"type": "Feature", "geometry": {"type": "LineString", "coordinates": [[4.68248, 44.36441], [4.67442, 44.36713]]}, "properties": {"nom": "Lac Pignedoré", "region": "Rhone-Alpes", "longueur_m": 710, "aire_ha": 17.6, "seuil_max_m": 700, "largeur_libre_m": 60, "plan_eau": 669, "rang": 1, "nb_courses": 1}}, {"type": "Feature", "geometry": {"type": "LineString", "coordinates": [[4.69652, 44.51679], [4.70533, 44.51984]]}, "properties": {"nom": null, "region": "Rhone-Alpes", "longueur_m": 778, "aire_ha": 37.9, "seuil_max_m": 700, "largeur_libre_m": 60, "plan_eau": 673, "rang": 1, "nb_courses": 1}}, {"type": "Feature", "geometry": {"type": "LineString", "coordinates": [[6.92551, 45.90085], [6.92907, 45.90737]]}, "properties": {"nom": "Glacier de Trélaporte", "region": "Rhone-Alpes", "longueur_m": 775, "aire_ha": 15.8, "seuil_max_m": 700, "largeur_libre_m": 60, "plan_eau": 677, "rang": 1, "nb_courses": 1}}, {"type": "Feature", "geometry": {"type": "LineString", "coordinates": [[6.96535, 45.88551], [6.97267, 45.89064]]}, "properties": {"nom": "Glacier du Capucin", "region": "Rhone-Alpes", "longueur_m": 804, "aire_ha": 19.0, "seuil_max_m": 700, "largeur_libre_m": 60, "plan_eau": 682, "rang": 1, "nb_courses": 1}}, {"type": "Feature", "geometry": {"type": "LineString", "coordinates": [[6.99444, 45.89245], [6.99979, 45.8976]]}, "properties": {"nom": "Glacier de Pierre Joseph", "region": "Rhone-Alpes", "longueur_m": 707, "aire_ha": 32.4, "seuil_max_m": 700, "largeur_libre_m": 60, "plan_eau": 683, "rang": 1, "nb_courses": 1}}, {"type": "Feature", "geometry": {"type": "LineString", "coordinates": [[6.24302, 44.87632], [6.25486, 44.87597]]}, "properties": {"nom": "Glacier de la Lavey", "region": "Rhone-Alpes", "longueur_m": 936, "aire_ha": 55.5, "seuil_max_m": 700, "largeur_libre_m": 60, "plan_eau": 693, "rang": 1, "nb_courses": 1}}, {"type": "Feature", "geometry": {"type": "LineString", "coordinates": [[6.15615, 45.15214], [6.16559, 45.1702]]}, "properties": {"nom": "Glacier de Saint-Sorlin", "region": "Rhone-Alpes", "longueur_m": 2139, "aire_ha": 145.8, "seuil_max_m": 2000, "largeur_libre_m": 60, "plan_eau": 711, "rang": 1, "nb_courses": 1}}, {"type": "Feature", "geometry": {"type": "LineString", "coordinates": [[5.58912, 45.95658], [5.58286, 45.96235]]}, "properties": {"nom": "Étang des Lésines", "region": "Rhone-Alpes", "longueur_m": 803, "aire_ha": 15.1, "seuil_max_m": 700, "largeur_libre_m": 60, "plan_eau": 712, "rang": 1, "nb_courses": 1}}, {"type": "Feature", "geometry": {"type": "LineString", "coordinates": [[4.99815, 45.92041], [5.01166, 45.92066]]}, "properties": {"nom": "Étang Chiroland", "region": "Rhone-Alpes", "longueur_m": 1047, "aire_ha": 21.6, "seuil_max_m": 1000, "largeur_libre_m": 60, "plan_eau": 738, "rang": 1, "nb_courses": 1}}, {"type": "Feature", "geometry": {"type": "LineString", "coordinates": [[5.00615, 45.88958], [5.01725, 45.89102]]}, "properties": {"nom": "Étang des Échaneaux", "region": "Rhone-Alpes", "longueur_m": 876, "aire_ha": 32.9, "seuil_max_m": 700, "largeur_libre_m": 60, "plan_eau": 744, "rang": 1, "nb_courses": 1}}, {"type": "Feature", "geometry": {"type": "LineString", "coordinates": [[4.2711, 45.71664], [4.26245, 45.72527]]}, "properties": {"nom": "Étang du Désert", "region": "Rhone-Alpes", "longueur_m": 1171, "aire_ha": 70.1, "seuil_max_m": 1000, "largeur_libre_m": 60, "plan_eau": 752, "rang": 1, "nb_courses": 1}}, {"type": "Feature", "geometry": {"type": "LineString", "coordinates": [[7.05395, 45.94411], [7.0443, 45.95445]]}, "properties": {"nom": "Glacier de l'A Neuve", "region": "Rhone-Alpes", "longueur_m": 1371, "aire_ha": 59.4, "seuil_max_m": 1340, "largeur_libre_m": 60, "plan_eau": 768, "rang": 1, "nb_courses": 1}}, {"type": "Feature", "geometry": {"type": "LineString", "coordinates": [[4.39366, 45.04742], [4.38506, 45.05444]]}, "properties": {"nom": "Lac de Devesset", "region": "Rhone-Alpes", "longueur_m": 1032, "aire_ha": 46.4, "seuil_max_m": 1000, "largeur_libre_m": 60, "plan_eau": 803, "rang": 1, "nb_courses": 1}}, {"type": "Feature", "geometry": {"type": "LineString", "coordinates": [[5.34456, 45.715], [5.33717, 45.72049]]}, "properties": {"nom": "Étang de la Rama", "region": "Rhone-Alpes", "longueur_m": 838, "aire_ha": 20.3, "seuil_max_m": 700, "largeur_libre_m": 60, "plan_eau": 805, "rang": 1, "nb_courses": 1}}, {"type": "Feature", "geometry": {"type": "LineString", "coordinates": [[5.6797, 44.87157], [5.67464, 44.92231]]}, "properties": {"nom": "Lac de Monteynard-Avignonet", "region": "Rhone-Alpes", "longueur_m": 5650, "aire_ha": 585.5, "seuil_max_m": 3000, "largeur_libre_m": 60, "plan_eau": 807, "rang": 1, "nb_courses": 2}}, {"type": "Feature", "geometry": {"type": "LineString", "coordinates": [[5.6841, 44.94133], [5.6905, 44.94955]]}, "properties": {"nom": "Lac de Monteynard-Avignonet", "region": "Rhone-Alpes", "longueur_m": 1043, "aire_ha": 585.5, "seuil_max_m": 1000, "largeur_libre_m": 60, "plan_eau": 807, "rang": 2, "nb_courses": 2}}, {"type": "Feature", "geometry": {"type": "LineString", "coordinates": [[4.1173, 46.04979], [4.11249, 46.05578]]}, "properties": {"nom": null, "region": "Rhone-Alpes", "longueur_m": 762, "aire_ha": 32.5, "seuil_max_m": 700, "largeur_libre_m": 60, "plan_eau": 814, "rang": 1, "nb_courses": 1}}, {"type": "Feature", "geometry": {"type": "LineString", "coordinates": [[3.86989, 46.04666], [3.86269, 46.05081]]}, "properties": {"nom": null, "region": "Rhone-Alpes", "longueur_m": 723, "aire_ha": 17.8, "seuil_max_m": 700, "largeur_libre_m": 60, "plan_eau": 820, "rang": 1, "nb_courses": 1}}, {"type": "Feature", "geometry": {"type": "LineString", "coordinates": [[4.4556, 44.90961], [4.46797, 44.91131]]}, "properties": {"nom": null, "region": "Rhone-Alpes", "longueur_m": 994, "aire_ha": 76.7, "seuil_max_m": 700, "largeur_libre_m": 60, "plan_eau": 821, "rang": 1, "nb_courses": 1}}, {"type": "Feature", "geometry": {"type": "LineString", "coordinates": [[5.51531, 45.72362], [5.50686, 45.72648]]}, "properties": {"nom": "Étang du Chêne", "region": "Rhone-Alpes", "longueur_m": 729, "aire_ha": 15.7, "seuil_max_m": 700, "largeur_libre_m": 60, "plan_eau": 823, "rang": 1, "nb_courses": 1}}, {"type": "Feature", "geometry": {"type": "LineString", "coordinates": [[4.09651, 46.15719], [4.08901, 46.16778]]}, "properties": {"nom": null, "region": "Rhone-Alpes", "longueur_m": 1311, "aire_ha": 293.7, "seuil_max_m": 1000, "largeur_libre_m": 60, "plan_eau": 843, "rang": 1, "nb_courses": 3}}, {"type": "Feature", "geometry": {"type": "LineString", "coordinates": [[4.09299, 46.0745], [4.10293, 46.08375]]}, "properties": {"nom": null, "region": "Rhone-Alpes", "longueur_m": 1283, "aire_ha": 293.7, "seuil_max_m": 1000, "largeur_libre_m": 60, "plan_eau": 843, "rang": 2, "nb_courses": 3}}, {"type": "Feature", "geometry": {"type": "LineString", "coordinates": [[4.06099, 46.21118], [4.05336, 46.21607]]}, "properties": {"nom": null, "region": "Rhone-Alpes", "longueur_m": 801, "aire_ha": 293.7, "seuil_max_m": 700, "largeur_libre_m": 60, "plan_eau": 843, "rang": 3, "nb_courses": 3}}, {"type": "Feature", "geometry": {"type": "LineString", "coordinates": [[4.36262, 46.00557], [4.37655, 46.00853]]}, "properties": {"nom": "Lac des Sapins", "region": "Rhone-Alpes", "longueur_m": 1127, "aire_ha": 32.6, "seuil_max_m": 1000, "largeur_libre_m": 60, "plan_eau": 847, "rang": 1, "nb_courses": 1}}, {"type": "Feature", "geometry": {"type": "LineString", "coordinates": [[6.86326, 45.52843], [6.87785, 45.54118]]}, "properties": {"nom": "Glacier Nord de la Gurraz", "region": "Rhone-Alpes", "longueur_m": 1817, "aire_ha": 65.8, "seuil_max_m": 1500, "largeur_libre_m": 60, "plan_eau": 863, "rang": 1, "nb_courses": 1}}, {"type": "Feature", "geometry": {"type": "LineString", "coordinates": [[5.11795, 46.14646], [5.11973, 46.15312]]}, "properties": {"nom": "Étang de la Bravière", "region": "Rhone-Alpes", "longueur_m": 752, "aire_ha": 16.6, "seuil_max_m": 700, "largeur_libre_m": 60, "plan_eau": 872, "rang": 1, "nb_courses": 1}}, {"type": "Feature", "geometry": {"type": "LineString", "coordinates": [[6.24735, 46.38602], [6.90621, 46.43717]]}, "properties": {"nom": "Le Léman", "region": "Rhone-Alpes", "longueur_m": 50927, "aire_ha": 58516.8, "seuil_max_m": 3000, "largeur_libre_m": 60, "plan_eau": 898, "rang": 1, "nb_courses": 25}}, {"type": "Feature", "geometry": {"type": "LineString", "coordinates": [[6.22018, 46.36165], [6.79743, 46.47202]]}, "properties": {"nom": "Le Léman", "region": "Rhone-Alpes", "longueur_m": 45999, "aire_ha": 58516.8, "seuil_max_m": 3000, "largeur_libre_m": 60, "plan_eau": 898, "rang": 2, "nb_courses": 25}}, {"type": "Feature", "geometry": {"type": "LineString", "coordinates": [[6.92383, 46.42009], [6.34554, 46.45955]]}, "properties": {"nom": "Le Léman", "region": "Rhone-Alpes", "longueur_m": 44614, "aire_ha": 58516.8, "seuil_max_m": 3000, "largeur_libre_m": 60, "plan_eau": 898, "rang": 3, "nb_courses": 25}}, {"type": "Feature", "geometry": {"type": "LineString", "coordinates": [[6.20313, 46.33287], [6.67738, 46.50364]]}, "properties": {"nom": "Le Léman", "region": "Rhone-Alpes", "longueur_m": 41066, "aire_ha": 58516.8, "seuil_max_m": 3000, "largeur_libre_m": 60, "plan_eau": 898, "rang": 4, "nb_courses": 25}}, {"type": "Feature", "geometry": {"type": "LineString", "coordinates": [[6.17045, 46.29112], [6.52209, 46.51459]]}, "properties": {"nom": "Le Léman", "region": "Rhone-Alpes", "longueur_m": 36685, "aire_ha": 58516.8, "seuil_max_m": 3000, "largeur_libre_m": 60, "plan_eau": 898, "rang": 5, "nb_courses": 25}}, {"type": "Feature", "geometry": {"type": "LineString", "coordinates": [[6.33291, 46.44974], [6.8076, 46.46929]]}, "properties": {"nom": "Le Léman", "region": "Rhone-Alpes", "longueur_m": 36496, "aire_ha": 58516.8, "seuil_max_m": 3000, "largeur_libre_m": 60, "plan_eau": 898, "rang": 6, "nb_courses": 25}}, {"type": "Feature", "geometry": {"type": "LineString", "coordinates": [[6.9248, 46.40146], [6.48418, 46.49858]]}, "properties": {"nom": "Le Léman", "region": "Rhone-Alpes", "longueur_m": 35500, "aire_ha": 58516.8, "seuil_max_m": 3000, "largeur_libre_m": 60, "plan_eau": 898, "rang": 7, "nb_courses": 25}}, {"type": "Feature", "geometry": {"type": "LineString", "coordinates": [[6.15405, 46.22123], [6.37697, 46.46479]]}, "properties": {"nom": "Le Léman", "region": "Rhone-Alpes", "longueur_m": 32024, "aire_ha": 58516.8, "seuil_max_m": 3000, "largeur_libre_m": 60, "plan_eau": 898, "rang": 8, "nb_courses": 25}}, {"type": "Feature", "geometry": {"type": "LineString", "coordinates": [[6.29101, 46.41536], [6.67215, 46.50336]]}, "properties": {"nom": "Le Léman", "region": "Rhone-Alpes", "longueur_m": 30840, "aire_ha": 58516.8, "seuil_max_m": 3000, "largeur_libre_m": 60, "plan_eau": 898, "rang": 9, "nb_courses": 25}}, {"type": "Feature", "geometry": {"type": "LineString", "coordinates": [[6.92684, 46.41407], [6.6286, 46.50472]]}, "properties": {"nom": "Le Léman", "region": "Rhone-Alpes", "longueur_m": 25005, "aire_ha": 58516.8, "seuil_max_m": 3000, "largeur_libre_m": 60, "plan_eau": 898, "rang": 10, "nb_courses": 25}}, {"type": "Feature", "geometry": {"type": "LineString", "coordinates": [[6.80814, 46.46898], [6.49027, 46.50238]]}, "properties": {"nom": "Le Léman", "region": "Rhone-Alpes", "longueur_m": 24664, "aire_ha": 58516.8, "seuil_max_m": 3000, "largeur_libre_m": 60, "plan_eau": 898, "rang": 11, "nb_courses": 25}}, {"type": "Feature", "geometry": {"type": "LineString", "coordinates": [[6.16131, 46.20935], [6.25934, 46.39273]]}, "properties": {"nom": "Le Léman", "region": "Rhone-Alpes", "longueur_m": 21717, "aire_ha": 58516.8, "seuil_max_m": 3000, "largeur_libre_m": 60, "plan_eau": 898, "rang": 12, "nb_courses": 25}}, {"type": "Feature", "geometry": {"type": "LineString", "coordinates": [[6.73484, 46.4055], [6.92935, 46.40601]]}, "properties": {"nom": "Le Léman", "region": "Rhone-Alpes", "longueur_m": 14943, "aire_ha": 58516.8, "seuil_max_m": 3000, "largeur_libre_m": 60, "plan_eau": 898, "rang": 13, "nb_courses": 25}}, {"type": "Feature", "geometry": {"type": "LineString", "coordinates": [[6.35967, 46.35015], [6.48876, 46.3967]]}, "properties": {"nom": "Le Léman", "region": "Rhone-Alpes", "longueur_m": 11189, "aire_ha": 58516.8, "seuil_max_m": 3000, "largeur_libre_m": 60, "plan_eau": 898, "rang": 14, "nb_courses": 25}}, {"type": "Feature", "geometry": {"type": "LineString", "coordinates": [[6.46304, 46.48429], [6.60366, 46.51111]]}, "properties": {"nom": "Le Léman", "region": "Rhone-Alpes", "longueur_m": 11188, "aire_ha": 58516.8, "seuil_max_m": 3000, "largeur_libre_m": 60, "plan_eau": 898, "rang": 15, "nb_courses": 25}}, {"type": "Feature", "geometry": {"type": "LineString", "coordinates": [[6.17019, 46.21548], [6.18204, 46.304]]}, "properties": {"nom": "Le Léman", "region": "Rhone-Alpes", "longueur_m": 9874, "aire_ha": 58516.8, "seuil_max_m": 3000, "largeur_libre_m": 60, "plan_eau": 898, "rang": 16, "nb_courses": 25}}, {"type": "Feature", "geometry": {"type": "LineString", "coordinates": [[6.92345, 46.39765], [6.8641, 46.44802]]}, "properties": {"nom": "Le Léman", "region": "Rhone-Alpes", "longueur_m": 7216, "aire_ha": 58516.8, "seuil_max_m": 3000, "largeur_libre_m": 60, "plan_eau": 898, "rang": 17, "nb_courses": 25}}, {"type": "Feature", "geometry": {"type": "LineString", "coordinates": [[6.31442, 46.43643], [6.39625, 46.45879]]}, "properties": {"nom": "Le Léman", "region": "Rhone-Alpes", "longueur_m": 6755, "aire_ha": 58516.8, "seuil_max_m": 3000, "largeur_libre_m": 60, "plan_eau": 898, "rang": 18, "nb_courses": 25}}, {"type": "Feature", "geometry": {"type": "LineString", "coordinates": [[6.15015, 46.20534], [6.18078, 46.22299]]}, "properties": {"nom": "Le Léman", "region": "Rhone-Alpes", "longueur_m": 3068, "aire_ha": 58516.8, "seuil_max_m": 3000, "largeur_libre_m": 60, "plan_eau": 898, "rang": 19, "nb_courses": 25}}, {"type": "Feature", "geometry": {"type": "LineString", "coordinates": [[6.37205, 46.34451], [6.35107, 46.3664]]}, "properties": {"nom": "Le Léman", "region": "Rhone-Alpes", "longueur_m": 2917, "aire_ha": 58516.8, "seuil_max_m": 2000, "largeur_libre_m": 60, "plan_eau": 898, "rang": 20, "nb_courses": 25}}, {"type": "Feature", "geometry": {"type": "LineString", "coordinates": [[6.24903, 46.38725], [6.27316, 46.39008]]}, "properties": {"nom": "Le Léman", "region": "Rhone-Alpes", "longueur_m": 1881, "aire_ha": 58516.8, "seuil_max_m": 1500, "largeur_libre_m": 60, "plan_eau": 898, "rang": 21, "nb_courses": 25}}, {"type": "Feature", "geometry": {"type": "LineString", "coordinates": [[6.05904, 46.19247], [6.04026, 46.19651]]}, "properties": {"nom": "Le Léman", "region": "Rhone-Alpes", "longueur_m": 1516, "aire_ha": 58516.8, "seuil_max_m": 1500, "largeur_libre_m": 60, "plan_eau": 898, "rang": 22, "nb_courses": 25}}, {"type": "Feature", "geometry": {"type": "LineString", "coordinates": [[6.85327, 46.45361], [6.84105, 46.45844]]}, "properties": {"nom": "Le Léman", "region": "Rhone-Alpes", "longueur_m": 1081, "aire_ha": 58516.8, "seuil_max_m": 1000, "largeur_libre_m": 60, "plan_eau": 898, "rang": 23, "nb_courses": 25}}, {"type": "Feature", "geometry": {"type": "LineString", "coordinates": [[6.59919, 46.5136], [6.58783, 46.51703]]}, "properties": {"nom": "Le Léman", "region": "Rhone-Alpes", "longueur_m": 950, "aire_ha": 58516.8, "seuil_max_m": 700, "largeur_libre_m": 60, "plan_eau": 898, "rang": 24, "nb_courses": 25}}, {"type": "Feature", "geometry": {"type": "LineString", "coordinates": [[6.35341, 46.09726], [6.34989, 46.10455]]}, "properties": {"nom": "Le Léman", "region": "Rhone-Alpes", "longueur_m": 854, "aire_ha": 58516.8, "seuil_max_m": 700, "largeur_libre_m": 60, "plan_eau": 898, "rang": 25, "nb_courses": 25}}, {"type": "Feature", "geometry": {"type": "LineString", "coordinates": [[5.90465, 46.12101], [5.91885, 46.13119]]}, "properties": {"nom": "Le Léman", "region": "Rhone-Alpes", "longueur_m": 1575, "aire_ha": 402.4, "seuil_max_m": 1500, "largeur_libre_m": 60, "plan_eau": 907, "rang": 1, "nb_courses": 3}}, {"type": "Feature", "geometry": {"type": "LineString", "coordinates": [[5.80733, 46.06235], [5.81077, 46.07464]]}, "properties": {"nom": "Le Léman", "region": "Rhone-Alpes", "longueur_m": 1391, "aire_ha": 402.4, "seuil_max_m": 1340, "largeur_libre_m": 60, "plan_eau": 907, "rang": 2, "nb_courses": 3}}, {"type": "Feature", "geometry": {"type": "LineString", "coordinates": [[5.97958, 46.16517], [5.98201, 46.17374]]}, "properties": {"nom": "Le Léman", "region": "Rhone-Alpes", "longueur_m": 971, "aire_ha": 402.4, "seuil_max_m": 700, "largeur_libre_m": 60, "plan_eau": 907, "rang": 3, "nb_courses": 3}}, {"type": "Feature", "geometry": {"type": "LineString", "coordinates": [[6.32873, 44.7992], [6.33559, 44.80325]]}, "properties": {"nom": "Glacier de Chabournéou", "region": "Rhone-Alpes", "longueur_m": 704, "aire_ha": 23.9, "seuil_max_m": 700, "largeur_libre_m": 60, "plan_eau": 911, "rang": 1, "nb_courses": 1}}, {"type": "Feature", "geometry": {"type": "LineString", "coordinates": [[7.01447, 45.48149], [7.00272, 45.48235]]}, "properties": {"nom": "Lac de la Sassière", "region": "Rhone-Alpes", "longueur_m": 923, "aire_ha": 43.8, "seuil_max_m": 700, "largeur_libre_m": 60, "plan_eau": 915, "rang": 1, "nb_courses": 1}}, {"type": "Feature", "geometry": {"type": "LineString", "coordinates": [[4.71913, 44.13883], [4.71395, 44.18366]]}, "properties": {"nom": "Bras de la Surelle", "region": "Rhone-Alpes", "longueur_m": 4998, "aire_ha": 1210.6, "seuil_max_m": 3000, "largeur_libre_m": 60, "plan_eau": 937, "rang": 1, "nb_courses": 7}}, {"type": "Feature", "geometry": {"type": "LineString", "coordinates": [[4.72155, 44.09771], [4.71005, 44.12523]]}, "properties": {"nom": "Bras de la Surelle", "region": "Rhone-Alpes", "longueur_m": 3194, "aire_ha": 1210.6, "seuil_max_m": 3000, "largeur_libre_m": 60, "plan_eau": 937, "rang": 2, "nb_courses": 7}}, {"type": "Feature", "geometry": {"type": "LineString", "coordinates": [[4.64936, 44.33257], [4.64686, 44.3539]]}, "properties": {"nom": "Bras de la Surelle", "region": "Rhone-Alpes", "longueur_m": 2378, "aire_ha": 1210.6, "seuil_max_m": 2000, "largeur_libre_m": 60, "plan_eau": 937, "rang": 3, "nb_courses": 7}}, {"type": "Feature", "geometry": {"type": "LineString", "coordinates": [[4.66402, 44.41042], [4.66446, 44.42538]]}, "properties": {"nom": "Bras de la Surelle", "region": "Rhone-Alpes", "longueur_m": 1662, "aire_ha": 1210.6, "seuil_max_m": 1500, "largeur_libre_m": 60, "plan_eau": 937, "rang": 4, "nb_courses": 7}}, {"type": "Feature", "geometry": {"type": "LineString", "coordinates": [[4.70731, 44.20252], [4.71017, 44.2139]]}, "properties": {"nom": "Bras de la Surelle", "region": "Rhone-Alpes", "longueur_m": 1285, "aire_ha": 1210.6, "seuil_max_m": 1000, "largeur_libre_m": 60, "plan_eau": 937, "rang": 5, "nb_courses": 7}}, {"type": "Feature", "geometry": {"type": "LineString", "coordinates": [[4.67444, 44.23929], [4.6617, 44.24624]]}, "properties": {"nom": "Bras de la Surelle", "region": "Rhone-Alpes", "longueur_m": 1277, "aire_ha": 1210.6, "seuil_max_m": 1000, "largeur_libre_m": 60, "plan_eau": 937, "rang": 6, "nb_courses": 7}}, {"type": "Feature", "geometry": {"type": "LineString", "coordinates": [[4.65192, 44.28856], [4.65391, 44.29986]]}, "properties": {"nom": "Bras de la Surelle", "region": "Rhone-Alpes", "longueur_m": 1266, "aire_ha": 1210.6, "seuil_max_m": 1000, "largeur_libre_m": 60, "plan_eau": 937, "rang": 7, "nb_courses": 7}}, {"type": "Feature", "geometry": {"type": "LineString", "coordinates": [[5.60196, 46.31536], [5.64022, 46.3429]]}, "properties": {"nom": "Lac de Coiselet", "region": "Rhone-Alpes", "longueur_m": 4245, "aire_ha": 381.6, "seuil_max_m": 3000, "largeur_libre_m": 60, "plan_eau": 942, "rang": 1, "nb_courses": 1}}, {"type": "Feature", "geometry": {"type": "LineString", "coordinates": [[6.13852, 45.15763], [6.14721, 45.16009]]}, "properties": {"nom": "Glacier Nord de la Barbarate", "region": "Rhone-Alpes", "longueur_m": 736, "aire_ha": 28.2, "seuil_max_m": 700, "largeur_libre_m": 60, "plan_eau": 950, "rang": 1, "nb_courses": 1}}, {"type": "Feature", "geometry": {"type": "LineString", "coordinates": [[6.12499, 45.13598], [6.1278, 45.1438]]}, "properties": {"nom": "Glacier des Rousses", "region": "Rhone-Alpes", "longueur_m": 895, "aire_ha": 44.6, "seuil_max_m": 700, "largeur_libre_m": 60, "plan_eau": 952, "rang": 1, "nb_courses": 1}}, {"type": "Feature", "geometry": {"type": "LineString", "coordinates": [[6.83008, 45.8569], [6.83118, 45.86453]]}, "properties": {"nom": "Glacier du Bourgeat", "region": "Rhone-Alpes", "longueur_m": 851, "aire_ha": 16.3, "seuil_max_m": 700, "largeur_libre_m": 60, "plan_eau": 967, "rang": 1, "nb_courses": 1}}, {"type": "Feature", "geometry": {"type": "LineString", "coordinates": [[5.13381, 46.34501], [5.14997, 46.34588]]}, "properties": {"nom": "Grand Lac", "region": "Rhone-Alpes", "longueur_m": 1246, "aire_ha": 96.2, "seuil_max_m": 1000, "largeur_libre_m": 60, "plan_eau": 985, "rang": 1, "nb_courses": 1}}, {"type": "Feature", "geometry": {"type": "LineString", "coordinates": [[7.11914, 45.45796], [7.13368, 45.46071]]}, "properties": {"nom": "Lago Serrù", "region": "Rhone-Alpes", "longueur_m": 1177, "aire_ha": 55.7, "seuil_max_m": 1000, "largeur_libre_m": 60, "plan_eau": 994, "rang": 1, "nb_courses": 1}}, {"type": "Feature", "geometry": {"type": "LineString", "coordinates": [[7.17273, 45.37583], [7.17034, 45.38214]]}, "properties": {"nom": "Ghiacciaio Martellot", "region": "Rhone-Alpes", "longueur_m": 725, "aire_ha": 14.3, "seuil_max_m": 700, "largeur_libre_m": 60, "plan_eau": 1010, "rang": 1, "nb_courses": 1}}, {"type": "Feature", "geometry": {"type": "LineString", "coordinates": [[7.18301, 45.39138], [7.18733, 45.40273]]}, "properties": {"nom": "Ghiacciaio della Levanna", "region": "Rhone-Alpes", "longueur_m": 1305, "aire_ha": 56.9, "seuil_max_m": 1000, "largeur_libre_m": 60, "plan_eau": 1011, "rang": 1, "nb_courses": 1}}, {"type": "Feature", "geometry": {"type": "LineString", "coordinates": [[5.60229, 46.15652], [5.57498, 46.16832]]}, "properties": {"nom": "Lac de Nantua", "region": "Rhone-Alpes", "longueur_m": 2482, "aire_ha": 140.0, "seuil_max_m": 2000, "largeur_libre_m": 60, "plan_eau": 1032, "rang": 1, "nb_courses": 1}}, {"type": "Feature", "geometry": {"type": "LineString", "coordinates": [[7.00081, 45.95122], [7.01539, 45.95642]]}, "properties": {"nom": "Glacier du Milieu", "region": "Rhone-Alpes", "longueur_m": 1268, "aire_ha": 33.2, "seuil_max_m": 1000, "largeur_libre_m": 60, "plan_eau": 1038, "rang": 1, "nb_courses": 1}}, {"type": "Feature", "geometry": {"type": "LineString", "coordinates": [[5.09275, 46.06875], [5.1019, 46.07101]]}, "properties": {"nom": "Étang des Vavres", "region": "Rhone-Alpes", "longueur_m": 751, "aire_ha": 38.1, "seuil_max_m": 700, "largeur_libre_m": 60, "plan_eau": 1069, "rang": 1, "nb_courses": 1}}, {"type": "Feature", "geometry": {"type": "LineString", "coordinates": [[4.24001, 45.71572], [4.2413, 45.72318]]}, "properties": {"nom": "Étang Neuf", "region": "Rhone-Alpes", "longueur_m": 834, "aire_ha": 22.3, "seuil_max_m": 700, "largeur_libre_m": 60, "plan_eau": 1074, "rang": 1, "nb_courses": 1}}, {"type": "Feature", "geometry": {"type": "LineString", "coordinates": [[4.74005, 44.594], [4.74399, 44.60088]]}, "properties": {"nom": null, "region": "Rhone-Alpes", "longueur_m": 825, "aire_ha": 12.3, "seuil_max_m": 700, "largeur_libre_m": 60, "plan_eau": 1078, "rang": 1, "nb_courses": 1}}, {"type": "Feature", "geometry": {"type": "LineString", "coordinates": [[4.69517, 44.5535], [4.70497, 44.55602]]}, "properties": {"nom": null, "region": "Rhone-Alpes", "longueur_m": 828, "aire_ha": 28.3, "seuil_max_m": 700, "largeur_libre_m": 60, "plan_eau": 1081, "rang": 1, "nb_courses": 1}}, {"type": "Feature", "geometry": {"type": "LineString", "coordinates": [[5.3815, 46.08211], [5.39642, 46.08514]]}, "properties": {"nom": null, "region": "Rhone-Alpes", "longueur_m": 1200, "aire_ha": 41.3, "seuil_max_m": 1000, "largeur_libre_m": 60, "plan_eau": 1090, "rang": 1, "nb_courses": 1}}, {"type": "Feature", "geometry": {"type": "LineString", "coordinates": [[5.43579, 46.12385], [5.42923, 46.13953]]}, "properties": {"nom": null, "region": "Rhone-Alpes", "longueur_m": 1813, "aire_ha": 222.5, "seuil_max_m": 1500, "largeur_libre_m": 60, "plan_eau": 1091, "rang": 1, "nb_courses": 1}}, {"type": "Feature", "geometry": {"type": "LineString", "coordinates": [[6.63753, 45.27439], [6.62433, 45.30829]]}, "properties": {"nom": "Glacier de Gébroulaz", "region": "Rhone-Alpes", "longueur_m": 3905, "aire_ha": 384.7, "seuil_max_m": 3000, "largeur_libre_m": 60, "plan_eau": 1093, "rang": 1, "nb_courses": 1}}, {"type": "Feature", "geometry": {"type": "LineString", "coordinates": [[6.68203, 45.27051], [6.67273, 45.277]]}, "properties": {"nom": "Glacier de la Masse", "region": "Rhone-Alpes", "longueur_m": 1026, "aire_ha": 59.1, "seuil_max_m": 1000, "largeur_libre_m": 60, "plan_eau": 1094, "rang": 1, "nb_courses": 1}}, {"type": "Feature", "geometry": {"type": "LineString", "coordinates": [[6.6284, 45.26699], [6.63507, 45.27436]]}, "properties": {"nom": "Glacier de Polset", "region": "Rhone-Alpes", "longueur_m": 971, "aire_ha": 32.4, "seuil_max_m": 700, "largeur_libre_m": 60, "plan_eau": 1095, "rang": 1, "nb_courses": 1}}, {"type": "Feature", "geometry": {"type": "LineString", "coordinates": [[6.62237, 45.28158], [6.60892, 45.28406]]}, "properties": {"nom": "Glacier Face Ouest de Péclet", "region": "Rhone-Alpes", "longueur_m": 1090, "aire_ha": 41.0, "seuil_max_m": 1000, "largeur_libre_m": 60, "plan_eau": 1098, "rang": 1, "nb_courses": 1}}, {"type": "Feature", "geometry": {"type": "LineString", "coordinates": [[6.60784, 45.24519], [6.61739, 45.25705]]}, "properties": {"nom": "Glacier de Chavière", "region": "Rhone-Alpes", "longueur_m": 1516, "aire_ha": 77.8, "seuil_max_m": 1500, "largeur_libre_m": 60, "plan_eau": 1099, "rang": 1, "nb_courses": 1}}, {"type": "Feature", "geometry": {"type": "LineString", "coordinates": [[6.9755, 45.26728], [6.97266, 45.27662]]}, "properties": {"nom": "Glacier de l'Arcelle Neuve", "region": "Rhone-Alpes", "longueur_m": 1062, "aire_ha": 39.8, "seuil_max_m": 1000, "largeur_libre_m": 60, "plan_eau": 1102, "rang": 1, "nb_courses": 1}}, {"type": "Feature", "geometry": {"type": "LineString", "coordinates": [[6.98667, 45.26682], [6.97748, 45.26854]]}, "properties": {"nom": "Glacier du Vieux", "region": "Rhone-Alpes", "longueur_m": 746, "aire_ha": 35.4, "seuil_max_m": 700, "largeur_libre_m": 60, "plan_eau": 1103, "rang": 1, "nb_courses": 1}}, {"type": "Feature", "geometry": {"type": "LineString", "coordinates": [[6.7918, 45.3751], [6.80121, 45.37478]]}, "properties": {"nom": "Glacier de la Réchasse", "region": "Rhone-Alpes", "longueur_m": 737, "aire_ha": 20.0, "seuil_max_m": 700, "largeur_libre_m": 60, "plan_eau": 1104, "rang": 1, "nb_courses": 1}}, {"type": "Feature", "geometry": {"type": "LineString", "coordinates": [[6.8184, 45.41161], [6.84608, 45.41373]]}, "properties": {"nom": "Glacier de l'Épéna", "region": "Rhone-Alpes", "longueur_m": 2178, "aire_ha": 187.9, "seuil_max_m": 2000, "largeur_libre_m": 60, "plan_eau": 1107, "rang": 1, "nb_courses": 1}}, {"type": "Feature", "geometry": {"type": "LineString", "coordinates": [[6.77745, 45.41871], [6.76704, 45.42106]]}, "properties": {"nom": "Glacier des Volnets", "region": "Rhone-Alpes", "longueur_m": 855, "aire_ha": 50.0, "seuil_max_m": 700, "largeur_libre_m": 60, "plan_eau": 1111, "rang": 1, "nb_courses": 1}}, {"type": "Feature", "geometry": {"type": "LineString", "coordinates": [[6.75529, 45.42204], [6.75992, 45.42775]]}, "properties": {"nom": "Glacier de Troquairou", "region": "Rhone-Alpes", "longueur_m": 731, "aire_ha": 24.5, "seuil_max_m": 700, "largeur_libre_m": 60, "plan_eau": 1113, "rang": 1, "nb_courses": 1}}, {"type": "Feature", "geometry": {"type": "LineString", "coordinates": [[6.79558, 45.41336], [6.79771, 45.42309]]}, "properties": {"nom": "Glaciers Nord de la Glière", "region": "Rhone-Alpes", "longueur_m": 1094, "aire_ha": 34.1, "seuil_max_m": 1000, "largeur_libre_m": 60, "plan_eau": 1114, "rang": 1, "nb_courses": 1}}, {"type": "Feature", "geometry": {"type": "LineString", "coordinates": [[6.85633, 45.53461], [6.84884, 45.54106]]}, "properties": {"nom": "Glacier du Grand Col", "region": "Rhone-Alpes", "longueur_m": 925, "aire_ha": 31.1, "seuil_max_m": 700, "largeur_libre_m": 60, "plan_eau": 1116, "rang": 1, "nb_courses": 1}}, {"type": "Feature", "geometry": {"type": "LineString", "coordinates": [[6.75538, 45.76902], [6.76966, 45.77418]]}, "properties": {"nom": "Glacier du Mont Tondu", "region": "Rhone-Alpes", "longueur_m": 1249, "aire_ha": 37.6, "seuil_max_m": 1000, "largeur_libre_m": 60, "plan_eau": 1123, "rang": 1, "nb_courses": 1}}, {"type": "Feature", "geometry": {"type": "LineString", "coordinates": [[4.24001, 45.60753], [4.24599, 45.61454]]}, "properties": {"nom": null, "region": "Rhone-Alpes", "longueur_m": 908, "aire_ha": 25.6, "seuil_max_m": 700, "largeur_libre_m": 60, "plan_eau": 1134, "rang": 1, "nb_courses": 1}}, {"type": "Feature", "geometry": {"type": "LineString", "coordinates": [[6.65078, 45.27257], [6.64403, 45.27727]]}, "properties": {"nom": "Glacier de Polset", "region": "Rhone-Alpes", "longueur_m": 744, "aire_ha": 22.8, "seuil_max_m": 700, "largeur_libre_m": 60, "plan_eau": 1153, "rang": 1, "nb_courses": 1}}, {"type": "Feature", "geometry": {"type": "LineString", "coordinates": [[6.86042, 45.40928], [6.848, 45.41369]]}, "properties": {"nom": "Glacier de Prémou", "region": "Rhone-Alpes", "longueur_m": 1088, "aire_ha": 64.9, "seuil_max_m": 1000, "largeur_libre_m": 60, "plan_eau": 1154, "rang": 1, "nb_courses": 1}}, {"type": "Feature", "geometry": {"type": "LineString", "coordinates": [[6.78849, 45.81366], [6.77816, 45.82082]]}, "properties": {"nom": "Glacier de Covagnet", "region": "Rhone-Alpes", "longueur_m": 1129, "aire_ha": 43.1, "seuil_max_m": 1000, "largeur_libre_m": 60, "plan_eau": 1155, "rang": 1, "nb_courses": 1}}, {"type": "Feature", "geometry": {"type": "LineString", "coordinates": [[6.97513, 45.50765], [7.00034, 45.50955]]}, "properties": {"nom": "Glacier de la Sassière", "region": "Rhone-Alpes", "longueur_m": 1980, "aire_ha": 177.4, "seuil_max_m": 1500, "largeur_libre_m": 60, "plan_eau": 1157, "rang": 1, "nb_courses": 1}}, {"type": "Feature", "geometry": {"type": "LineString", "coordinates": [[7.00264, 45.51377], [6.98815, 45.52115]]}, "properties": {"nom": "Glacier du Fond", "region": "Rhone-Alpes", "longueur_m": 1397, "aire_ha": 62.6, "seuil_max_m": 1340, "largeur_libre_m": 60, "plan_eau": 1158, "rang": 1, "nb_courses": 1}}, {"type": "Feature", "geometry": {"type": "LineString", "coordinates": [[5.23408, 46.14587], [5.23489, 46.15287]]}, "properties": {"nom": "Étang de Corbie", "region": "Rhone-Alpes", "longueur_m": 779, "aire_ha": 21.8, "seuil_max_m": 700, "largeur_libre_m": 60, "plan_eau": 1165, "rang": 1, "nb_courses": 1}}, {"type": "Feature", "geometry": {"type": "LineString", "coordinates": [[6.86579, 45.50899], [6.85314, 45.51237]]}, "properties": {"nom": "Glacier des Platières", "region": "Rhone-Alpes", "longueur_m": 1057, "aire_ha": 57.2, "seuil_max_m": 1000, "largeur_libre_m": 60, "plan_eau": 1167, "rang": 1, "nb_courses": 1}}, {"type": "Feature", "geometry": {"type": "LineString", "coordinates": [[6.35857, 44.94391], [6.36362, 44.95112]]}, "properties": {"nom": "Glacier de Tombe Murée", "region": "Rhone-Alpes", "longueur_m": 894, "aire_ha": 51.0, "seuil_max_m": 700, "largeur_libre_m": 60, "plan_eau": 1175, "rang": 1, "nb_courses": 1}}, {"type": "Feature", "geometry": {"type": "LineString", "coordinates": [[7.08063, 45.23111], [7.09433, 45.23371]]}, "properties": {"nom": "Glacier de Derrière le Clapier", "region": "Rhone-Alpes", "longueur_m": 1113, "aire_ha": 66.2, "seuil_max_m": 1000, "largeur_libre_m": 60, "plan_eau": 1177, "rang": 1, "nb_courses": 1}}, {"type": "Feature", "geometry": {"type": "LineString", "coordinates": [[7.07843, 45.21386], [7.05969, 45.22708]]}, "properties": {"nom": "Glacier de Rochemelon", "region": "Rhone-Alpes", "longueur_m": 2078, "aire_ha": 111.4, "seuil_max_m": 2000, "largeur_libre_m": 60, "plan_eau": 1178, "rang": 1, "nb_courses": 1}}, {"type": "Feature", "geometry": {"type": "LineString", "coordinates": [[7.12852, 45.24731], [7.11178, 45.2619]]}, "properties": {"nom": "Glacier du Baounet", "region": "Rhone-Alpes", "longueur_m": 2086, "aire_ha": 154.7, "seuil_max_m": 2000, "largeur_libre_m": 60, "plan_eau": 1180, "rang": 1, "nb_courses": 1}}, {"type": "Feature", "geometry": {"type": "LineString", "coordinates": [[7.0334, 45.87774], [7.0238, 45.88316]]}, "properties": {"nom": "Ghiacciaio del Gruetta", "region": "Rhone-Alpes", "longueur_m": 957, "aire_ha": 23.4, "seuil_max_m": 700, "largeur_libre_m": 60, "plan_eau": 1183, "rang": 1, "nb_courses": 1}}, {"type": "Feature", "geometry": {"type": "LineString", "coordinates": [[6.97114, 45.85241], [6.98216, 45.86759]]}, "properties": {"nom": "Glacier de Planpincieux", "region": "Rhone-Alpes", "longueur_m": 1890, "aire_ha": 173.1, "seuil_max_m": 1500, "largeur_libre_m": 60, "plan_eau": 1184, "rang": 1, "nb_courses": 1}}, {"type": "Feature", "geometry": {"type": "LineString", "coordinates": [[6.9962, 45.85533], [6.99225, 45.86249]]}, "properties": {"nom": "Glacier de Pra Sec", "region": "Rhone-Alpes", "longueur_m": 852, "aire_ha": 16.2, "seuil_max_m": 700, "largeur_libre_m": 60, "plan_eau": 1185, "rang": 1, "nb_courses": 1}}, {"type": "Feature", "geometry": {"type": "LineString", "coordinates": [[7.01843, 45.87512], [7.01775, 45.88393]]}, "properties": {"nom": "Ghiacciaio occidental du Mont Gruettaz", "region": "Rhone-Alpes", "longueur_m": 980, "aire_ha": 33.6, "seuil_max_m": 700, "largeur_libre_m": 60, "plan_eau": 1187, "rang": 1, "nb_courses": 1}}, {"type": "Feature", "geometry": {"type": "LineString", "coordinates": [[6.94956, 45.84799], [6.96129, 45.85466]]}, "properties": {"nom": "Glacier de Rochefort", "region": "Rhone-Alpes", "longueur_m": 1174, "aire_ha": 61.0, "seuil_max_m": 1000, "largeur_libre_m": 60, "plan_eau": 1188, "rang": 1, "nb_courses": 1}}, {"type": "Feature", "geometry": {"type": "LineString", "coordinates": [[6.92893, 45.38475], [6.92063, 45.39121]]}, "properties": {"nom": "Glacier des Barmes de l'Ours", "region": "Rhone-Alpes", "longueur_m": 968, "aire_ha": 36.6, "seuil_max_m": 700, "largeur_libre_m": 60, "plan_eau": 1200, "rang": 1, "nb_courses": 1}}, {"type": "Feature", "geometry": {"type": "LineString", "coordinates": [[6.99988, 45.36582], [7.00918, 45.36962]]}, "properties": {"nom": "Glacier des Roches", "region": "Rhone-Alpes", "longueur_m": 842, "aire_ha": 36.2, "seuil_max_m": 700, "largeur_libre_m": 60, "plan_eau": 1201, "rang": 1, "nb_courses": 1}}, {"type": "Feature", "geometry": {"type": "LineString", "coordinates": [[6.75145, 45.31444], [6.76059, 45.35643]]}, "properties": {"nom": "Glacier de la Vanoise", "region": "Rhone-Alpes", "longueur_m": 4718, "aire_ha": 1187.7, "seuil_max_m": 3000, "largeur_libre_m": 60, "plan_eau": 1202, "rang": 1, "nb_courses": 2}}, {"type": "Feature", "geometry": {"type": "LineString", "coordinates": [[6.79619, 45.36952], [6.78867, 45.37536]]}, "properties": {"nom": "Glacier de la Vanoise", "region": "Rhone-Alpes", "longueur_m": 876, "aire_ha": 1187.7, "seuil_max_m": 700, "largeur_libre_m": 60, "plan_eau": 1202, "rang": 2, "nb_courses": 2}}, {"type": "Feature", "geometry": {"type": "LineString", "coordinates": [[6.74279, 45.28779], [6.75282, 45.30185]]}, "properties": {"nom": "Glacier de la Vanoise", "region": "Rhone-Alpes", "longueur_m": 1748, "aire_ha": 95.4, "seuil_max_m": 1500, "largeur_libre_m": 60, "plan_eau": 1203, "rang": 1, "nb_courses": 1}}, {"type": "Feature", "geometry": {"type": "LineString", "coordinates": [[6.7286, 45.29763], [6.73047, 45.31082]]}, "properties": {"nom": "Glacier de la Vanoise", "region": "Rhone-Alpes", "longueur_m": 1472, "aire_ha": 136.4, "seuil_max_m": 1340, "largeur_libre_m": 60, "plan_eau": 1204, "rang": 1, "nb_courses": 1}}, {"type": "Feature", "geometry": {"type": "LineString", "coordinates": [[7.05895, 45.92713], [7.04684, 45.94172]]}, "properties": {"nom": "Glacier de l'A Neuve", "region": "Rhone-Alpes", "longueur_m": 1872, "aire_ha": 146.0, "seuil_max_m": 1500, "largeur_libre_m": 60, "plan_eau": 1207, "rang": 1, "nb_courses": 1}}, {"type": "Feature", "geometry": {"type": "LineString", "coordinates": [[7.04128, 45.47828], [7.02867, 45.48015]]}, "properties": {"nom": "Glacier du Santel", "region": "Rhone-Alpes", "longueur_m": 1007, "aire_ha": 23.2, "seuil_max_m": 1000, "largeur_libre_m": 60, "plan_eau": 1208, "rang": 1, "nb_courses": 1}}, {"type": "Feature", "geometry": {"type": "LineString", "coordinates": [[7.14396, 45.37059], [7.16086, 45.38131]]}, "properties": {"nom": "Glacier du Mulinet", "region": "Rhone-Alpes", "longueur_m": 1780, "aire_ha": 193.2, "seuil_max_m": 1500, "largeur_libre_m": 60, "plan_eau": 1296, "rang": 1, "nb_courses": 1}}, {"type": "Feature", "geometry": {"type": "LineString", "coordinates": [[7.11604, 45.43307], [7.11719, 45.44075]]}, "properties": {"nom": "Ghiacciaio del Carro", "region": "Rhone-Alpes", "longueur_m": 858, "aire_ha": 28.6, "seuil_max_m": 700, "largeur_libre_m": 60, "plan_eau": 1299, "rang": 1, "nb_courses": 1}}, {"type": "Feature", "geometry": {"type": "LineString", "coordinates": [[7.17401, 45.38695], [7.16644, 45.39354]]}, "properties": {"nom": "Glacier Central des Sources de l'Arc", "region": "Rhone-Alpes", "longueur_m": 942, "aire_ha": 31.6, "seuil_max_m": 700, "largeur_libre_m": 60, "plan_eau": 1302, "rang": 1, "nb_courses": 1}}, {"type": "Feature", "geometry": {"type": "LineString", "coordinates": [[7.07267, 45.40942], [7.07342, 45.41956]]}, "properties": {"nom": "Glacier du Montet", "region": "Rhone-Alpes", "longueur_m": 1127, "aire_ha": 24.1, "seuil_max_m": 1000, "largeur_libre_m": 60, "plan_eau": 1304, "rang": 1, "nb_courses": 1}}, {"type": "Feature", "geometry": {"type": "LineString", "coordinates": [[7.13399, 45.3535], [7.14375, 45.3535]]}, "properties": {"nom": "Glacier de la Piatou", "region": "Rhone-Alpes", "longueur_m": 764, "aire_ha": 15.2, "seuil_max_m": 700, "largeur_libre_m": 60, "plan_eau": 1305, "rang": 1, "nb_courses": 1}}, {"type": "Feature", "geometry": {"type": "LineString", "coordinates": [[7.1268, 45.32527], [7.14017, 45.32577]]}, "properties": {"nom": "Ghiacciaio della Ciamarella", "region": "Rhone-Alpes", "longueur_m": 1049, "aire_ha": 57.2, "seuil_max_m": 1000, "largeur_libre_m": 60, "plan_eau": 1306, "rang": 1, "nb_courses": 1}}, {"type": "Feature", "geometry": {"type": "LineString", "coordinates": [[7.14426, 45.32872], [7.13909, 45.33994]]}, "properties": {"nom": "Ghiacciaio Tonini", "region": "Rhone-Alpes", "longueur_m": 1311, "aire_ha": 77.5, "seuil_max_m": 1000, "largeur_libre_m": 60, "plan_eau": 1307, "rang": 1, "nb_courses": 1}}, {"type": "Feature", "geometry": {"type": "LineString", "coordinates": [[7.15283, 45.3335], [7.15084, 45.34013]]}, "properties": {"nom": "Ghiacciaio dell'Albaron di Sea", "region": "Rhone-Alpes", "longueur_m": 753, "aire_ha": 23.6, "seuil_max_m": 700, "largeur_libre_m": 60, "plan_eau": 1312, "rang": 1, "nb_courses": 1}}, {"type": "Feature", "geometry": {"type": "LineString", "coordinates": [[7.15223, 45.33068], [7.16063, 45.33725]]}, "properties": {"nom": "Ghiacciaio dell'Albaron di Sea", "region": "Rhone-Alpes", "longueur_m": 982, "aire_ha": 35.1, "seuil_max_m": 700, "largeur_libre_m": 60, "plan_eau": 1313, "rang": 1, "nb_courses": 1}}, {"type": "Feature", "geometry": {"type": "LineString", "coordinates": [[7.10694, 45.3233], [7.07883, 45.34776]]}, "properties": {"nom": "Glacier Supérieur du Vallonnet", "region": "Rhone-Alpes", "longueur_m": 3497, "aire_ha": 301.2, "seuil_max_m": 3000, "largeur_libre_m": 60, "plan_eau": 1314, "rang": 1, "nb_courses": 1}}, {"type": "Feature", "geometry": {"type": "LineString", "coordinates": [[7.12994, 45.30226], [7.11899, 45.30998]]}, "properties": {"nom": "Ghiacciaio della Bessanèse", "region": "Rhone-Alpes", "longueur_m": 1213, "aire_ha": 92.9, "seuil_max_m": 1000, "largeur_libre_m": 60, "plan_eau": 1315, "rang": 1, "nb_courses": 1}}, {"type": "Feature", "geometry": {"type": "LineString", "coordinates": [[7.1049, 45.29937], [7.11683, 45.30312]]}, "properties": {"nom": "Glacier des Grandes Pareis", "region": "Rhone-Alpes", "longueur_m": 1024, "aire_ha": 48.2, "seuil_max_m": 1000, "largeur_libre_m": 60, "plan_eau": 1316, "rang": 1, "nb_courses": 1}}, {"type": "Feature", "geometry": {"type": "LineString", "coordinates": [[5.02934, 44.29817], [5.05134, 44.30286]]}, "properties": {"nom": null, "region": "Rhone-Alpes", "longueur_m": 1831, "aire_ha": 470.9, "seuil_max_m": 1500, "largeur_libre_m": 60, "plan_eau": 1318, "rang": 1, "nb_courses": 6}}, {"type": "Feature", "geometry": {"type": "LineString", "coordinates": [[4.89383, 44.19102], [4.90669, 44.20312]]}, "properties": {"nom": null, "region": "Rhone-Alpes", "longueur_m": 1692, "aire_ha": 470.9, "seuil_max_m": 1500, "largeur_libre_m": 60, "plan_eau": 1318, "rang": 2, "nb_courses": 6}}, {"type": "Feature", "geometry": {"type": "LineString", "coordinates": [[4.95842, 44.27409], [4.97257, 44.28109]]}, "properties": {"nom": null, "region": "Rhone-Alpes", "longueur_m": 1372, "aire_ha": 470.9, "seuil_max_m": 1340, "largeur_libre_m": 60, "plan_eau": 1318, "rang": 3, "nb_courses": 6}}, {"type": "Feature", "geometry": {"type": "LineString", "coordinates": [[4.91713, 44.24208], [4.92261, 44.25037]]}, "properties": {"nom": null, "region": "Rhone-Alpes", "longueur_m": 1020, "aire_ha": 470.9, "seuil_max_m": 1000, "largeur_libre_m": 60, "plan_eau": 1318, "rang": 4, "nb_courses": 6}}, {"type": "Feature", "geometry": {"type": "LineString", "coordinates": [[5.22054, 44.38554], [5.21062, 44.38942]]}, "properties": {"nom": null, "region": "Rhone-Alpes", "longueur_m": 900, "aire_ha": 470.9, "seuil_max_m": 700, "largeur_libre_m": 60, "plan_eau": 1318, "rang": 5, "nb_courses": 6}}, {"type": "Feature", "geometry": {"type": "LineString", "coordinates": [[5.10676, 44.33739], [5.11363, 44.34259]]}, "properties": {"nom": null, "region": "Rhone-Alpes", "longueur_m": 796, "aire_ha": 470.9, "seuil_max_m": 700, "largeur_libre_m": 60, "plan_eau": 1318, "rang": 6, "nb_courses": 6}}, {"type": "Feature", "geometry": {"type": "LineString", "coordinates": [[5.10009, 46.09753], [5.10231, 46.10581]]}, "properties": {"nom": "Étang du Gourd", "region": "Rhone-Alpes", "longueur_m": 936, "aire_ha": 36.3, "seuil_max_m": 700, "largeur_libre_m": 60, "plan_eau": 1344, "rang": 1, "nb_courses": 1}}, {"type": "Feature", "geometry": {"type": "LineString", "coordinates": [[6.93141, 45.83788], [6.91977, 45.84444]]}, "properties": {"nom": "Ghiacciaio di Toula", "region": "Rhone-Alpes", "longueur_m": 1160, "aire_ha": 57.8, "seuil_max_m": 1000, "largeur_libre_m": 60, "plan_eau": 1351, "rang": 1, "nb_courses": 1}}, {"type": "Feature", "geometry": {"type": "LineString", "coordinates": [[6.35274, 44.86045], [6.37726, 44.86062]]}, "properties": {"nom": "Glacier du Sélé", "region": "Rhone-Alpes", "longueur_m": 1937, "aire_ha": 142.4, "seuil_max_m": 1500, "largeur_libre_m": 60, "plan_eau": 1371, "rang": 1, "nb_courses": 1}}, {"type": "Feature", "geometry": {"type": "LineString", "coordinates": [[6.3222, 44.99847], [6.30639, 45.00074]]}, "properties": {"nom": "Glacier des Etançons", "region": "Rhone-Alpes", "longueur_m": 1271, "aire_ha": 62.3, "seuil_max_m": 1000, "largeur_libre_m": 60, "plan_eau": 1373, "rang": 1, "nb_courses": 1}}, {"type": "Feature", "geometry": {"type": "LineString", "coordinates": [[6.29817, 44.99766], [6.29015, 45.00048]]}, "properties": {"nom": "Glacier des Etançons", "region": "Rhone-Alpes", "longueur_m": 705, "aire_ha": 38.2, "seuil_max_m": 700, "largeur_libre_m": 60, "plan_eau": 1374, "rang": 1, "nb_courses": 1}}, {"type": "Feature", "geometry": {"type": "LineString", "coordinates": [[6.90896, 45.8166], [6.88173, 45.84572]]}, "properties": {"nom": "Ghiacciaio della Brenva", "region": "Rhone-Alpes", "longueur_m": 3863, "aire_ha": 516.4, "seuil_max_m": 3000, "largeur_libre_m": 60, "plan_eau": 1384, "rang": 1, "nb_courses": 1}}, {"type": "Feature", "geometry": {"type": "LineString", "coordinates": [[6.31657, 44.96389], [6.32726, 44.96558]]}, "properties": {"nom": "Glacier de la Grande Ruine", "region": "Rhone-Alpes", "longueur_m": 864, "aire_ha": 46.2, "seuil_max_m": 700, "largeur_libre_m": 60, "plan_eau": 1392, "rang": 1, "nb_courses": 1}}, {"type": "Feature", "geometry": {"type": "LineString", "coordinates": [[5.32123, 46.03583], [5.32748, 46.04146]]}, "properties": {"nom": "Lac de Longeville", "region": "Rhone-Alpes", "longueur_m": 791, "aire_ha": 31.8, "seuil_max_m": 700, "largeur_libre_m": 60, "plan_eau": 1397, "rang": 1, "nb_courses": 1}}, {"type": "Feature", "geometry": {"type": "LineString", "coordinates": [[7.04969, 45.47336], [7.07455, 45.49088]]}, "properties": {"nom": "Ghiacciaio di Tsanteleina", "region": "Rhone-Alpes", "longueur_m": 2749, "aire_ha": 278.9, "seuil_max_m": 2000, "largeur_libre_m": 60, "plan_eau": 1410, "rang": 1, "nb_courses": 1}}, {"type": "Feature", "geometry": {"type": "LineString", "coordinates": [[4.93479, 45.03471], [4.95908, 45.04188]]}, "properties": {"nom": null, "region": "Rhone-Alpes", "longueur_m": 2072, "aire_ha": 423.8, "seuil_max_m": 2000, "largeur_libre_m": 60, "plan_eau": 1440, "rang": 1, "nb_courses": 4}}, {"type": "Feature", "geometry": {"type": "LineString", "coordinates": [[5.12677, 45.03832], [5.13999, 45.05051]]}, "properties": {"nom": null, "region": "Rhone-Alpes", "longueur_m": 1708, "aire_ha": 423.8, "seuil_max_m": 1500, "largeur_libre_m": 60, "plan_eau": 1440, "rang": 2, "nb_courses": 4}}, {"type": "Feature", "geometry": {"type": "LineString", "coordinates": [[5.02377, 45.02875], [5.0122, 45.03378]]}, "properties": {"nom": null, "region": "Rhone-Alpes", "longueur_m": 1068, "aire_ha": 423.8, "seuil_max_m": 1000, "largeur_libre_m": 60, "plan_eau": 1440, "rang": 3, "nb_courses": 4}}, {"type": "Feature", "geometry": {"type": "LineString", "coordinates": [[5.22594, 45.07947], [5.21633, 45.0815]]}, "properties": {"nom": null, "region": "Rhone-Alpes", "longueur_m": 789, "aire_ha": 423.8, "seuil_max_m": 700, "largeur_libre_m": 60, "plan_eau": 1440, "rang": 4, "nb_courses": 4}}, {"type": "Feature", "geometry": {"type": "LineString", "coordinates": [[4.92099, 45.94902], [4.92449, 45.95494]]}, "properties": {"nom": null, "region": "Rhone-Alpes", "longueur_m": 712, "aire_ha": 21.3, "seuil_max_m": 700, "largeur_libre_m": 60, "plan_eau": 1453, "rang": 1, "nb_courses": 1}}, {"type": "Feature", "geometry": {"type": "LineString", "coordinates": [[5.00186, 45.97391], [4.98884, 45.97462]]}, "properties": {"nom": "Étang Petit Glareins", "region": "Rhone-Alpes", "longueur_m": 1011, "aire_ha": 20.2, "seuil_max_m": 1000, "largeur_libre_m": 60, "plan_eau": 1458, "rang": 1, "nb_courses": 1}}, {"type": "Feature", "geometry": {"type": "LineString", "coordinates": [[5.02668, 45.95613], [5.00964, 45.95898]]}, "properties": {"nom": "Grand Étang de Birieux", "region": "Rhone-Alpes", "longueur_m": 1357, "aire_ha": 55.1, "seuil_max_m": 1340, "largeur_libre_m": 60, "plan_eau": 1475, "rang": 1, "nb_courses": 1}}, {"type": "Feature", "geometry": {"type": "LineString", "coordinates": [[5.08102, 46.10608], [5.07577, 46.11205]]}, "properties": {"nom": "Étang Grand-Romans", "region": "Rhone-Alpes", "longueur_m": 777, "aire_ha": 31.5, "seuil_max_m": 700, "largeur_libre_m": 60, "plan_eau": 1500, "rang": 1, "nb_courses": 1}}, {"type": "Feature", "geometry": {"type": "LineString", "coordinates": [[4.93662, 45.80336], [4.96506, 45.81044]]}, "properties": {"nom": "Lac des Eaux Bleues", "region": "Rhone-Alpes", "longueur_m": 2345, "aire_ha": 313.7, "seuil_max_m": 2000, "largeur_libre_m": 60, "plan_eau": 1512, "rang": 1, "nb_courses": 1}}, {"type": "Feature", "geometry": {"type": "LineString", "coordinates": [[4.06632, 45.77541], [4.07462, 45.77999]]}, "properties": {"nom": "Étang de Totte", "region": "Rhone-Alpes", "longueur_m": 821, "aire_ha": 28.8, "seuil_max_m": 700, "largeur_libre_m": 60, "plan_eau": 1522, "rang": 1, "nb_courses": 1}}, {"type": "Feature", "geometry": {"type": "LineString", "coordinates": [[5.78331, 45.54024], [5.80793, 45.5714]]}, "properties": {"nom": "Lac d'Aiguebelette", "region": "Rhone-Alpes", "longueur_m": 3958, "aire_ha": 524.2, "seuil_max_m": 3000, "largeur_libre_m": 60, "plan_eau": 1532, "rang": 1, "nb_courses": 1}}, {"type": "Feature", "geometry": {"type": "LineString", "coordinates": [[5.16494, 46.20932], [5.15659, 46.21545]]}, "properties": {"nom": null, "region": "Rhone-Alpes", "longueur_m": 937, "aire_ha": 44.5, "seuil_max_m": 700, "largeur_libre_m": 60, "plan_eau": 1546, "rang": 1, "nb_courses": 1}}, {"type": "Feature", "geometry": {"type": "LineString", "coordinates": [[4.97487, 45.97215], [4.98744, 45.97331]]}, "properties": {"nom": "Étang Grand Glareins", "region": "Rhone-Alpes", "longueur_m": 981, "aire_ha": 48.6, "seuil_max_m": 700, "largeur_libre_m": 60, "plan_eau": 1555, "rang": 1, "nb_courses": 1}}, {"type": "Feature", "geometry": {"type": "LineString", "coordinates": [[5.13532, 46.01957], [5.13875, 46.02759]]}, "properties": {"nom": "Étang Remondet", "region": "Rhone-Alpes", "longueur_m": 930, "aire_ha": 22.7, "seuil_max_m": 700, "largeur_libre_m": 60, "plan_eau": 1589, "rang": 1, "nb_courses": 1}}, {"type": "Feature", "geometry": {"type": "LineString", "coordinates": [[4.98534, 45.98656], [4.97507, 45.99043]]}, "properties": {"nom": "Étang le Branton", "region": "Rhone-Alpes", "longueur_m": 904, "aire_ha": 26.4, "seuil_max_m": 700, "largeur_libre_m": 60, "plan_eau": 1591, "rang": 1, "nb_courses": 1}}, {"type": "Feature", "geometry": {"type": "LineString", "coordinates": [[4.98426, 45.96837], [4.99684, 45.96906]]}, "properties": {"nom": "Étang Glareins", "region": "Rhone-Alpes", "longueur_m": 977, "aire_ha": 47.7, "seuil_max_m": 700, "largeur_libre_m": 60, "plan_eau": 1601, "rang": 1, "nb_courses": 1}}, {"type": "Feature", "geometry": {"type": "LineString", "coordinates": [[5.07794, 46.13042], [5.08949, 46.13326]]}, "properties": {"nom": "Étang Moulin", "region": "Rhone-Alpes", "longueur_m": 946, "aire_ha": 35.9, "seuil_max_m": 700, "largeur_libre_m": 60, "plan_eau": 1608, "rang": 1, "nb_courses": 1}}, {"type": "Feature", "geometry": {"type": "LineString", "coordinates": [[5.18442, 46.05711], [5.17962, 46.07111]]}, "properties": {"nom": "Le Grand Marais", "region": "Rhone-Alpes", "longueur_m": 1599, "aire_ha": 80.3, "seuil_max_m": 1500, "largeur_libre_m": 60, "plan_eau": 1615, "rang": 1, "nb_courses": 1}}, {"type": "Feature", "geometry": {"type": "LineString", "coordinates": [[5.08277, 46.07458], [5.0897, 46.07965]]}, "properties": {"nom": "Étang grand Curtelet", "region": "Rhone-Alpes", "longueur_m": 777, "aire_ha": 25.2, "seuil_max_m": 700, "largeur_libre_m": 60, "plan_eau": 1620, "rang": 1, "nb_courses": 1}}, {"type": "Feature", "geometry": {"type": "LineString", "coordinates": [[5.0797, 45.97054], [5.07049, 45.97174]]}, "properties": {"nom": "Étang Vernozan", "region": "Rhone-Alpes", "longueur_m": 726, "aire_ha": 26.8, "seuil_max_m": 700, "largeur_libre_m": 60, "plan_eau": 1634, "rang": 1, "nb_courses": 1}}, {"type": "Feature", "geometry": {"type": "LineString", "coordinates": [[7.00976, 45.63014], [7.00156, 45.66608]]}, "properties": {"nom": "Ghiacciaio del Rutor", "region": "Rhone-Alpes", "longueur_m": 4042, "aire_ha": 837.3, "seuil_max_m": 3000, "largeur_libre_m": 60, "plan_eau": 1641, "rang": 1, "nb_courses": 1}}, {"type": "Feature", "geometry": {"type": "LineString", "coordinates": [[7.16929, 45.36327], [7.16295, 45.3688]]}, "properties": {"nom": "Ghiacciaio del Mulinet Sud", "region": "Rhone-Alpes", "longueur_m": 789, "aire_ha": 29.0, "seuil_max_m": 700, "largeur_libre_m": 60, "plan_eau": 1670, "rang": 1, "nb_courses": 1}}, {"type": "Feature", "geometry": {"type": "LineString", "coordinates": [[7.15539, 45.38435], [7.14473, 45.38679]]}, "properties": {"nom": "Glacier de Trièves", "region": "Rhone-Alpes", "longueur_m": 878, "aire_ha": 19.9, "seuil_max_m": 700, "largeur_libre_m": 60, "plan_eau": 1671, "rang": 1, "nb_courses": 1}}, {"type": "Feature", "geometry": {"type": "LineString", "coordinates": [[7.1684, 45.38581], [7.14725, 45.38981]]}, "properties": {"nom": "Glacier Sud des Sources de l'Arc", "region": "Rhone-Alpes", "longueur_m": 1714, "aire_ha": 72.6, "seuil_max_m": 1500, "largeur_libre_m": 60, "plan_eau": 1672, "rang": 1, "nb_courses": 1}}, {"type": "Feature", "geometry": {"type": "LineString", "coordinates": [[6.26922, 44.87313], [6.29475, 44.88387]]}, "properties": {"nom": "Glacier du Chardon", "region": "Rhone-Alpes", "longueur_m": 2343, "aire_ha": 82.1, "seuil_max_m": 2000, "largeur_libre_m": 60, "plan_eau": 1681, "rang": 1, "nb_courses": 1}}, {"type": "Feature", "geometry": {"type": "LineString", "coordinates": [[6.31467, 44.86618], [6.30799, 44.87332]]}, "properties": {"nom": "Glacier du Says", "region": "Rhone-Alpes", "longueur_m": 953, "aire_ha": 63.0, "seuil_max_m": 700, "largeur_libre_m": 60, "plan_eau": 1684, "rang": 1, "nb_courses": 1}}, {"type": "Feature", "geometry": {"type": "LineString", "coordinates": [[6.29927, 44.87392], [6.30362, 44.88226]]}, "properties": {"nom": "Glacier du Petit Chardon", "region": "Rhone-Alpes", "longueur_m": 988, "aire_ha": 35.6, "seuil_max_m": 700, "largeur_libre_m": 60, "plan_eau": 1685, "rang": 1, "nb_courses": 1}}, {"type": "Feature", "geometry": {"type": "LineString", "coordinates": [[6.25516, 44.86673], [6.26814, 44.87974]]}, "properties": {"nom": "Glacier des Rouies", "region": "Rhone-Alpes", "longueur_m": 1771, "aire_ha": 131.0, "seuil_max_m": 1500, "largeur_libre_m": 60, "plan_eau": 1686, "rang": 1, "nb_courses": 1}}, {"type": "Feature", "geometry": {"type": "LineString", "coordinates": [[6.25781, 44.88959], [6.27651, 44.89114]]}, "properties": {"nom": "Glacier du Vallon des Étages", "region": "Rhone-Alpes", "longueur_m": 1486, "aire_ha": 156.6, "seuil_max_m": 1340, "largeur_libre_m": 60, "plan_eau": 1687, "rang": 1, "nb_courses": 1}}, {"type": "Feature", "geometry": {"type": "LineString", "coordinates": [[6.28859, 44.89567], [6.2839, 44.9041]]}, "properties": {"nom": null, "region": "Rhone-Alpes", "longueur_m": 1007, "aire_ha": 47.0, "seuil_max_m": 1000, "largeur_libre_m": 60, "plan_eau": 1690, "rang": 1, "nb_courses": 1}}, {"type": "Feature", "geometry": {"type": "LineString", "coordinates": [[6.35665, 44.87107], [6.35361, 44.87752]]}, "properties": {"nom": null, "region": "Rhone-Alpes", "longueur_m": 756, "aire_ha": 44.9, "seuil_max_m": 700, "largeur_libre_m": 60, "plan_eau": 1692, "rang": 1, "nb_courses": 1}}, {"type": "Feature", "geometry": {"type": "LineString", "coordinates": [[6.23536, 44.85387], [6.2493, 44.85346]]}, "properties": {"nom": "Glacier du Fond", "region": "Rhone-Alpes", "longueur_m": 1102, "aire_ha": 84.4, "seuil_max_m": 1000, "largeur_libre_m": 60, "plan_eau": 1694, "rang": 1, "nb_courses": 1}}, {"type": "Feature", "geometry": {"type": "LineString", "coordinates": [[6.34774, 44.88767], [6.3547, 44.89273]]}, "properties": {"nom": "Glacier de Coste Rouge", "region": "Rhone-Alpes", "longueur_m": 786, "aire_ha": 24.5, "seuil_max_m": 700, "largeur_libre_m": 60, "plan_eau": 1696, "rang": 1, "nb_courses": 1}}, {"type": "Feature", "geometry": {"type": "LineString", "coordinates": [[6.34072, 44.91964], [6.35525, 44.92194]]}, "properties": {"nom": "Glacier du Vallon de la Pilatte", "region": "Rhone-Alpes", "longueur_m": 1175, "aire_ha": 86.9, "seuil_max_m": 1000, "largeur_libre_m": 60, "plan_eau": 1698, "rang": 1, "nb_courses": 1}}, {"type": "Feature", "geometry": {"type": "LineString", "coordinates": [[6.35356, 44.92597], [6.39818, 44.94699]]}, "properties": {"nom": "Glacier Blanc", "region": "Rhone-Alpes", "longueur_m": 4223, "aire_ha": 439.9, "seuil_max_m": 3000, "largeur_libre_m": 60, "plan_eau": 1699, "rang": 1, "nb_courses": 1}}, {"type": "Feature", "geometry": {"type": "LineString", "coordinates": [[6.21085, 44.86042], [6.21728, 44.86687]]}, "properties": {"nom": "Glacier des Sellettes", "region": "Rhone-Alpes", "longueur_m": 879, "aire_ha": 70.0, "seuil_max_m": 700, "largeur_libre_m": 60, "plan_eau": 1701, "rang": 1, "nb_courses": 1}}, {"type": "Feature", "geometry": {"type": "LineString", "coordinates": [[6.20154, 44.86021], [6.20491, 44.86961]]}, "properties": {"nom": "Glacier des Sellettes", "region": "Rhone-Alpes", "longueur_m": 1078, "aire_ha": 55.4, "seuil_max_m": 1000, "largeur_libre_m": 60, "plan_eau": 1702, "rang": 1, "nb_courses": 1}}, {"type": "Feature", "geometry": {"type": "LineString", "coordinates": [[6.33123, 44.85477], [6.35375, 44.85577]]}, "properties": {"nom": "Glacier de la Pilatte", "region": "Rhone-Alpes", "longueur_m": 1783, "aire_ha": 215.2, "seuil_max_m": 1500, "largeur_libre_m": 60, "plan_eau": 1708, "rang": 1, "nb_courses": 1}}, {"type": "Feature", "geometry": {"type": "LineString", "coordinates": [[6.12041, 45.20265], [6.14756, 45.22451]]}, "properties": {"nom": "Lac de Grand'Maison", "region": "Rhone-Alpes", "longueur_m": 3231, "aire_ha": 210.9, "seuil_max_m": 3000, "largeur_libre_m": 60, "plan_eau": 1713, "rang": 1, "nb_courses": 1}}, {"type": "Feature", "geometry": {"type": "LineString", "coordinates": [[4.57143, 45.43888], [4.57884, 45.44294]]}, "properties": {"nom": "Retenue du Dorlay", "region": "Rhone-Alpes", "longueur_m": 734, "aire_ha": 20.9, "seuil_max_m": 700, "largeur_libre_m": 60, "plan_eau": 1717, "rang": 1, "nb_courses": 1}}, {"type": "Feature", "geometry": {"type": "LineString", "coordinates": [[6.88296, 46.05536], [6.897, 46.06421]]}, "properties": {"nom": "Lac du Vieux Emosson", "region": "Rhone-Alpes", "longueur_m": 1464, "aire_ha": 75.6, "seuil_max_m": 1340, "largeur_libre_m": 60, "plan_eau": 1728, "rang": 1, "nb_courses": 1}}, {"type": "Feature", "geometry": {"type": "LineString", "coordinates": [[5.2057, 45.80209], [5.19686, 45.80505]]}, "properties": {"nom": null, "region": "Rhone-Alpes", "longueur_m": 761, "aire_ha": 27.8, "seuil_max_m": 700, "largeur_libre_m": 60, "plan_eau": 1733, "rang": 1, "nb_courses": 1}}, {"type": "Feature", "geometry": {"type": "LineString", "coordinates": [[6.85526, 45.41812], [6.85815, 45.42786]]}, "properties": {"nom": "Glacier de Pramort", "region": "Rhone-Alpes", "longueur_m": 1106, "aire_ha": 46.9, "seuil_max_m": 1000, "largeur_libre_m": 60, "plan_eau": 1734, "rang": 1, "nb_courses": 1}}, {"type": "Feature", "geometry": {"type": "LineString", "coordinates": [[6.87996, 45.41058], [6.88632, 45.432]]}, "properties": {"nom": "Glacier de la Grande Motte", "region": "Rhone-Alpes", "longueur_m": 2430, "aire_ha": 290.2, "seuil_max_m": 2000, "largeur_libre_m": 60, "plan_eau": 1735, "rang": 1, "nb_courses": 1}}, {"type": "Feature", "geometry": {"type": "LineString", "coordinates": [[7.10325, 45.43201], [7.09522, 45.44309]]}, "properties": {"nom": "Glacier des Sources de l'Isère", "region": "Rhone-Alpes", "longueur_m": 1382, "aire_ha": 69.7, "seuil_max_m": 1340, "largeur_libre_m": 60, "plan_eau": 1737, "rang": 1, "nb_courses": 1}}, {"type": "Feature", "geometry": {"type": "LineString", "coordinates": [[6.98147, 45.54725], [6.96821, 45.5526]]}, "properties": {"nom": "Glacier Inférieur des Balmes", "region": "Rhone-Alpes", "longueur_m": 1193, "aire_ha": 75.3, "seuil_max_m": 1000, "largeur_libre_m": 60, "plan_eau": 1740, "rang": 1, "nb_courses": 1}}, {"type": "Feature", "geometry": {"type": "LineString", "coordinates": [[6.86436, 45.53677], [6.86708, 45.5459]]}, "properties": {"nom": "Glacier de Turia", "region": "Rhone-Alpes", "longueur_m": 1035, "aire_ha": 35.6, "seuil_max_m": 1000, "largeur_libre_m": 60, "plan_eau": 1741, "rang": 1, "nb_courses": 1}}, {"type": "Feature", "geometry": {"type": "LineString", "coordinates": [[7.07382, 45.21132], [7.06327, 45.21511]]}, "properties": {"nom": "Glacier de Rochemelon", "region": "Rhone-Alpes", "longueur_m": 929, "aire_ha": 30.2, "seuil_max_m": 700, "largeur_libre_m": 60, "plan_eau": 1743, "rang": 1, "nb_courses": 1}}, {"type": "Feature", "geometry": {"type": "LineString", "coordinates": [[4.71466, 44.52477], [4.70976, 44.53116]]}, "properties": {"nom": null, "region": "Rhone-Alpes", "longueur_m": 810, "aire_ha": 20.0, "seuil_max_m": 700, "largeur_libre_m": 60, "plan_eau": 1751, "rang": 1, "nb_courses": 1}}, {"type": "Feature", "geometry": {"type": "LineString", "coordinates": [[5.37615, 46.05942], [5.38272, 46.06776]]}, "properties": {"nom": null, "region": "Rhone-Alpes", "longueur_m": 1056, "aire_ha": 60.8, "seuil_max_m": 1000, "largeur_libre_m": 60, "plan_eau": 1763, "rang": 1, "nb_courses": 1}}, {"type": "Feature", "geometry": {"type": "LineString", "coordinates": [[6.92619, 45.89115], [6.91235, 45.89371]]}, "properties": {"nom": "Glacier d'Envers de Blaitière", "region": "Rhone-Alpes", "longueur_m": 1111, "aire_ha": 54.6, "seuil_max_m": 1000, "largeur_libre_m": 60, "plan_eau": 1766, "rang": 1, "nb_courses": 1}}, {"type": "Feature", "geometry": {"type": "LineString", "coordinates": [[7.02165, 45.97791], [6.97832, 45.99324]]}, "properties": {"nom": "Glacier du Tour", "region": "Rhone-Alpes", "longueur_m": 3761, "aire_ha": 1133.9, "seuil_max_m": 3000, "largeur_libre_m": 60, "plan_eau": 1770, "rang": 1, "nb_courses": 1}}, {"type": "Feature", "geometry": {"type": "LineString", "coordinates": [[6.9985, 45.99601], [7.00741, 45.99769]]}, "properties": {"nom": "Glacier du Tour", "region": "Rhone-Alpes", "longueur_m": 714, "aire_ha": 20.7, "seuil_max_m": 700, "largeur_libre_m": 60, "plan_eau": 1771, "rang": 1, "nb_courses": 1}}, {"type": "Feature", "geometry": {"type": "LineString", "coordinates": [[6.99722, 46.00008], [7.0103, 46.00922]]}, "properties": {"nom": "Glacier des Grands", "region": "Rhone-Alpes", "longueur_m": 1433, "aire_ha": 117.3, "seuil_max_m": 1340, "largeur_libre_m": 60, "plan_eau": 1772, "rang": 1, "nb_courses": 1}}, {"type": "Feature", "geometry": {"type": "LineString", "coordinates": [[6.3602, 44.89315], [6.39405, 44.9057]]}, "properties": {"nom": "Glacier Noir", "region": "Rhone-Alpes", "longueur_m": 3014, "aire_ha": 240.7, "seuil_max_m": 3000, "largeur_libre_m": 60, "plan_eau": 1784, "rang": 1, "nb_courses": 1}}, {"type": "Feature", "geometry": {"type": "LineString", "coordinates": [[6.33913, 44.92456], [6.35483, 44.93862]]}, "properties": {"nom": "Glacier de Bonne Pierre", "region": "Rhone-Alpes", "longueur_m": 1993, "aire_ha": 133.8, "seuil_max_m": 1500, "largeur_libre_m": 60, "plan_eau": 1797, "rang": 1, "nb_courses": 1}}, {"type": "Feature", "geometry": {"type": "LineString", "coordinates": [[7.01258, 45.90805], [6.9717, 45.911]]}, "properties": {"nom": "Glacier de Talèfre", "region": "Rhone-Alpes", "longueur_m": 3186, "aire_ha": 405.8, "seuil_max_m": 3000, "largeur_libre_m": 60, "plan_eau": 1798, "rang": 1, "nb_courses": 1}}, {"type": "Feature", "geometry": {"type": "LineString", "coordinates": [[6.96281, 45.91821], [6.98712, 45.92581]]}, "properties": {"nom": "Glacier de Talèfre", "region": "Rhone-Alpes", "longueur_m": 2064, "aire_ha": 183.1, "seuil_max_m": 2000, "largeur_libre_m": 60, "plan_eau": 1799, "rang": 1, "nb_courses": 1}}, {"type": "Feature", "geometry": {"type": "LineString", "coordinates": [[6.14005, 45.13361], [6.14644, 45.14]]}, "properties": {"nom": "Glacier des Malatres", "region": "Rhone-Alpes", "longueur_m": 870, "aire_ha": 39.0, "seuil_max_m": 700, "largeur_libre_m": 60, "plan_eau": 1806, "rang": 1, "nb_courses": 1}}, {"type": "Feature", "geometry": {"type": "LineString", "coordinates": [[6.15289, 45.14197], [6.14366, 45.15176]]}, "properties": {"nom": "Glacier des Quirlies", "region": "Rhone-Alpes", "longueur_m": 1307, "aire_ha": 85.5, "seuil_max_m": 1000, "largeur_libre_m": 60, "plan_eau": 1807, "rang": 1, "nb_courses": 1}}, {"type": "Feature", "geometry": {"type": "LineString", "coordinates": [[6.90457, 46.1264], [6.9224, 46.12907]]}, "properties": {"nom": "Glacier du Mont Ruan", "region": "Rhone-Alpes", "longueur_m": 1408, "aire_ha": 54.2, "seuil_max_m": 1340, "largeur_libre_m": 60, "plan_eau": 1811, "rang": 1, "nb_courses": 1}}, {"type": "Feature", "geometry": {"type": "LineString", "coordinates": [[5.27274, 45.63922], [5.28215, 45.64235]]}, "properties": {"nom": null, "region": "Rhone-Alpes", "longueur_m": 811, "aire_ha": 30.0, "seuil_max_m": 700, "largeur_libre_m": 60, "plan_eau": 1813, "rang": 1, "nb_courses": 1}}, {"type": "Feature", "geometry": {"type": "LineString", "coordinates": [[6.79233, 45.40244], [6.81284, 45.41191]]}, "properties": {"nom": "Glacier de la Grande Casse", "region": "Rhone-Alpes", "longueur_m": 1919, "aire_ha": 84.4, "seuil_max_m": 1500, "largeur_libre_m": 60, "plan_eau": 1815, "rang": 1, "nb_courses": 1}}, {"type": "Feature", "geometry": {"type": "LineString", "coordinates": [[6.66313, 45.9184], [6.65287, 45.92199]]}, "properties": {"nom": "Lac de Passy", "region": "Rhone-Alpes", "longueur_m": 889, "aire_ha": 16.4, "seuil_max_m": 700, "largeur_libre_m": 60, "plan_eau": 1829, "rang": 1, "nb_courses": 1}}, {"type": "Feature", "geometry": {"type": "LineString", "coordinates": [[5.45069, 45.73134], [5.45324, 45.73863]]}, "properties": {"nom": null, "region": "Rhone-Alpes", "longueur_m": 833, "aire_ha": 36.5, "seuil_max_m": 700, "largeur_libre_m": 60, "plan_eau": 1833, "rang": 1, "nb_courses": 1}}]}